frequency,wind_speed,distance,wind_direction,flow_resistivity,Nord2000 (delhom),Acventum (delhom),BE2 (Iso9613),Iso9613 (windPro),Nord2000 (windPro)
50,3,500,0,12.5,0.5,3.32,2.972,2.91,-0.56
63,3,500,0,12.5,-1,3.3,2.837,2.91,-0.66
80,3,500,0,12.5,0.8,3.27,2.847,2.91,-2.96
100,3,500,0,12.5,0.4,0.24,-3.215,-3.28,-4.96
125,3,500,0,12.5,0.3,0.18,-3.26,-3.28,-2.96
160,3,500,0,12.5,0.3,0.1,-3.408,-3.28,-1.06
200,3,500,0,12.5,-2.5,0,-6.489,-6.65,0.64
250,3,500,0,12.5,-2.9,-0.12,-6.629,-6.65,2.24
315,3,500,0,12.5,-2.7,-0.26,-6.848,-6.65,3.14
400,3,500,0,12.5,-2.4,-0.42,-3.251,-3.46,2.84
500,3,500,0,12.5,-2.4,-0.57,-3.427,-3.46,0.84
630,3,500,0,12.5,-2.3,-0.75,-3.759,-3.46,-2.86
800,3,500,0,12.5,-2.2,-0.99,-1.936,-2.29,-1.96
1000,3,500,0,12.5,-2.2,-1.28,-2.36,-2.29,-0.96
1250,3,500,0,12.5,-7.5,-1.71,-2.851,-2.29,-2.06
1600,3,500,0,12.5,-13,-2.44,-3.641,-4.99,-2.96
2000,3,500,0,12.5,-10.1,-3.47,-5.06,-4.99,-4.36
2500,3,500,0,12.5,-9.3,-5.07,-7.131,-4.99,-6.56
3150,3,500,0,12.5,-9.2,-7.66,-10.559,-15.87,-9.96
4000,3,500,0,12.5,-9.5,-11.9,-15.93,-15.87,-15.16
5000,3,500,0,12.5,-13,-18.09,-24.309,-15.87,-23.06
6300,3,500,0,12.5,-18,-27.95,-37.139,-56.69,-34.76
8000,3,500,0,12.5,-25.8,-43.67,-56.849,-56.69,-51.26
10000,3,500,0,12.5,-38.1,-65.68,-86.368,-56.69,-73.16
50,3,500,90,12.5,0.5,3.3,2.972,2.91,-0.56
63,3,500,90,12.5,-1.1,3.3,2.837,2.91,-1.16
80,3,500,90,12.5,0.8,3.29,2.847,2.91,-2.86
100,3,500,90,12.5,0.4,0.28,-3.215,-3.28,-4.96
125,3,500,90,12.5,0.3,0.26,-3.26,-3.28,-4.06
160,3,500,90,12.5,0.3,0.24,-3.408,-3.28,-1.66
200,3,500,90,12.5,-2.5,0.21,-6.489,-6.65,-0.16
250,3,500,90,12.5,-2.8,0.17,-6.629,-6.65,1.54
315,3,500,90,12.5,-2.7,0.13,-6.848,-6.65,2.74
400,3,500,90,12.5,-2.4,0.08,-3.251,-3.46,3.04
500,3,500,90,12.5,-2.4,0.04,-3.427,-3.46,2.24
630,3,500,90,12.5,-2.3,-0.01,-3.759,-3.46,-0.26
800,3,500,90,12.5,-2.2,-0.08,-1.936,-2.29,-2.86
1000,3,500,90,12.5,-2.2,-0.17,-2.36,-2.29,-1.56
1250,3,500,90,12.5,-7.5,-0.29,-2.851,-2.29,-2.06
1600,3,500,90,12.5,-12.6,-0.51,-3.641,-4.99,-2.96
2000,3,500,90,12.5,-10.2,-0.81,-5.06,-4.99,-4.36
2500,3,500,90,12.5,-9.4,-1.28,-7.131,-4.99,-6.56
3150,3,500,90,12.5,-9.3,-2.05,-10.559,-15.87,-9.96
4000,3,500,90,12.5,-9.5,-3.29,-15.93,-15.87,-15.16
5000,3,500,90,12.5,-13.1,-5.11,-24.309,-15.87,-23.06
6300,3,500,90,12.5,-18.1,-8.01,-37.139,-56.69,-34.76
8000,3,500,90,12.5,-25.9,-12.64,-56.849,-56.69,-51.26
10000,3,500,90,12.5,-38.2,-19.11,-86.368,-56.69,-73.16
50,3,500,180,12.5,0.5,3.54,2.972,2.91,-0.66
63,3,500,180,12.5,-1.4,3.49,2.837,2.91,-0.66
80,3,500,180,12.5,1.1,3.4,2.847,2.91,-1.36
100,3,500,180,12.5,0.4,0.28,-3.215,-3.28,-3.16
125,3,500,180,12.5,0.3,0.09,-3.26,-3.28,-3.96
160,3,500,180,12.5,0.3,-0.19,-3.408,-3.28,-1.66
200,3,500,180,12.5,-2.5,-0.53,-6.489,-6.65,-0.86
250,3,500,180,12.5,-2.7,-0.93,-6.629,-6.65,0.64
315,3,500,180,12.5,-2.8,-1.38,-6.848,-6.65,2.14
400,3,500,180,12.5,-2.5,-1.9,-3.251,-3.46,2.84
500,3,500,180,12.5,-2.4,-2.42,-3.427,-3.46,2.74
630,3,500,180,12.5,-2.3,-3.02,-3.759,-3.46,1.24
800,3,500,180,12.5,-2.2,-3.8,-1.936,-2.29,-1.46
1000,3,500,180,12.5,-2.3,-4.77,-2.36,-2.29,-1.96
1250,3,500,180,12.5,-7.3,-6.2,-2.851,-2.29,-2.06
1600,3,500,180,12.5,-10.5,-8.64,-3.641,-4.99,-2.96
2000,3,500,180,12.5,-11.6,-12.08,-5.06,-4.99,-4.36
2500,3,500,180,12.5,-10,-17.42,-7.131,-4.99,-6.56
3150,3,500,180,12.5,-9.7,-26.06,-10.559,-15.87,-9.96
4000,3,500,180,12.5,-9.9,-40.19,-15.93,-15.87,-15.16
5000,3,500,180,12.5,-13.5,-60.81,-24.309,-15.87,-23.06
6300,3,500,180,12.5,-18.5,-93.68,-37.139,-56.69,-34.76
8000,3,500,180,12.5,-26.3,-146.09,-56.849,-56.69,-51.26
10000,3,500,180,12.5,-38.5,-219.46,-86.368,-56.69,-73.16
50,5,500,0,12.5,0.7,3.32,2.972,2.91,0.74
63,5,500,0,12.5,-2.6,3.3,2.837,2.91,-0.46
80,5,500,0,12.5,0.4,3.27,2.847,2.91,-3.56
100,5,500,0,12.5,0.3,0.24,-3.215,-3.28,-4.96
125,5,500,0,12.5,0.3,0.18,-3.26,-3.28,-2.46
160,5,500,0,12.5,0.3,0.1,-3.408,-3.28,-0.86
200,5,500,0,12.5,0.2,0,-6.489,-6.65,1.14
250,5,500,0,12.5,0.2,-0.12,-6.629,-6.65,2.64
315,5,500,0,12.5,0.1,-0.26,-6.848,-6.65,3.14
400,5,500,0,12.5,0,-0.42,-3.251,-3.46,2.34
500,5,500,0,12.5,-0.1,-0.57,-3.427,-3.46,-0.56
630,5,500,0,12.5,-0.1,-0.75,-3.759,-3.46,-3.56
800,5,500,0,12.5,-0.3,-0.99,-1.936,-2.29,-0.66
1000,5,500,0,12.5,-0.5,-1.28,-2.36,-2.29,-1.06
1250,5,500,0,12.5,-0.7,-1.71,-2.851,-2.29,-2.06
1600,5,500,0,12.5,-1.1,-2.44,-3.641,-4.99,-2.96
2000,5,500,0,12.5,-1.8,-3.47,-5.06,-4.99,-4.36
2500,5,500,0,12.5,-2.7,-5.07,-7.131,-4.99,-6.56
3150,5,500,0,12.5,-3.8,-7.66,-10.559,-15.87,-9.96
4000,5,500,0,12.5,-5.7,-11.9,-15.93,-15.87,-15.16
5000,5,500,0,12.5,-9.2,-18.09,-24.309,-15.87,-23.06
6300,5,500,0,12.5,-14.3,-27.95,-37.139,-56.69,-34.76
8000,5,500,0,12.5,-22.4,-43.67,-56.849,-56.69,-51.26
10000,5,500,0,12.5,-34.9,-65.68,-86.368,-56.69,-73.16
50,5,500,90,12.5,0.7,3.3,2.972,2.91,-0.56
63,5,500,90,12.5,-2.6,3.3,2.837,2.91,-1.16
80,5,500,90,12.5,0.4,3.29,2.847,2.91,-2.76
100,5,500,90,12.5,0.3,0.28,-3.215,-3.28,-4.86
125,5,500,90,12.5,0.3,0.26,-3.26,-3.28,-4.06
160,5,500,90,12.5,0.3,0.24,-3.408,-3.28,-1.66
200,5,500,90,12.5,0.2,0.21,-6.489,-6.65,-0.26
250,5,500,90,12.5,0.2,0.18,-6.629,-6.65,1.54
315,5,500,90,12.5,0.1,0.14,-6.848,-6.65,2.74
400,5,500,90,12.5,0,0.1,-3.251,-3.46,3.04
500,5,500,90,12.5,-0.1,0.05,-3.427,-3.46,2.34
630,5,500,90,12.5,-0.1,0,-3.759,-3.46,-0.26
800,5,500,90,12.5,-0.3,-0.06,-1.936,-2.29,-2.86
1000,5,500,90,12.5,-0.5,-0.14,-2.36,-2.29,-1.56
1250,5,500,90,12.5,-0.7,-0.26,-2.851,-2.29,-2.06
1600,5,500,90,12.5,-1.1,-0.46,-3.641,-4.99,-2.96
2000,5,500,90,12.5,-1.8,-0.75,-5.06,-4.99,-4.36
2500,5,500,90,12.5,-2.7,-1.2,-7.131,-4.99,-6.56
3150,5,500,90,12.5,-3.8,-1.92,-10.559,-15.87,-9.96
4000,5,500,90,12.5,-5.7,-3.09,-15.93,-15.87,-15.16
5000,5,500,90,12.5,-9.2,-4.81,-24.309,-15.87,-23.06
6300,5,500,90,12.5,-14.3,-7.55,-37.139,-56.69,-34.76
8000,5,500,90,12.5,-22.4,-11.92,-56.849,-56.69,-51.26
10000,5,500,90,12.5,-34.9,-18.03,-86.368,-56.69,-73.16
50,5,500,180,12.5,0.6,5.65,2.972,2.91,-1.16
63,5,500,180,12.5,-2.7,5.55,2.837,2.91,-0.76
80,5,500,180,12.5,0.4,5.36,2.847,2.91,-0.96
100,5,500,180,12.5,0.3,2.13,-3.215,-3.28,-2.26
125,5,500,180,12.5,0.3,1.77,-3.26,-3.28,-3.46
160,5,500,180,12.5,0.3,1.23,-3.408,-3.28,-1.76
200,5,500,180,12.5,0.2,0.58,-6.489,-6.65,-0.96
250,5,500,180,12.5,0.2,-0.2,-6.629,-6.65,0.14
315,5,500,180,12.5,0.1,-1.08,-6.848,-6.65,1.14
400,5,500,180,12.5,0,-2.08,-3.251,-3.46,2.04
500,5,500,180,12.5,-0.1,-3.09,-3.427,-3.46,2.44
630,5,500,180,12.5,-0.1,-4.26,-3.759,-3.46,1.74
800,5,500,180,12.5,-0.3,-5.76,-1.936,-2.29,-0.36
1000,5,500,180,12.5,-0.5,-7.65,-2.36,-2.29,-1.76
1250,5,500,180,12.5,-0.7,-10.41,-2.851,-2.29,-2.06
1600,5,500,180,12.5,-1.1,-15.12,-3.641,-4.99,-2.96
2000,5,500,180,12.5,-1.8,-21.79,-5.06,-4.99,-4.36
2500,5,500,180,12.5,-2.7,-32.11,-7.131,-4.99,-6.56
3150,5,500,180,12.5,-3.9,-48.85,-10.559,-15.87,-9.96
4000,5,500,180,12.5,-5.8,-76.19,-15.93,-15.87,-15.16
5000,5,500,180,12.5,-9.2,-116.1,-24.309,-15.87,-23.06
6300,5,500,180,12.5,-14.3,-179.72,-37.139,-56.69,-34.76
8000,5,500,180,12.5,-22.4,-281.17,-56.849,-56.69,-51.26
10000,5,500,180,12.5,-34.9,-423.16,-86.368,-56.69,-73.16
50,7,500,0,12.5,0.8,3.32,2.972,2.91,1.24
63,7,500,0,12.5,-2.8,3.3,2.837,2.91,-0.96
80,7,500,0,12.5,0.4,3.27,2.847,2.91,-4.76
100,7,500,0,12.5,0.3,0.24,-3.215,-3.28,-4.16
125,7,500,0,12.5,0.3,0.18,-3.26,-3.28,-1.76
160,7,500,0,12.5,0.3,0.1,-3.408,-3.28,-0.86
200,7,500,0,12.5,0.2,0,-6.489,-6.65,1.54
250,7,500,0,12.5,0.2,-0.12,-6.629,-6.65,2.74
315,7,500,0,12.5,0.1,-0.26,-6.848,-6.65,3.04
400,7,500,0,12.5,0,-0.42,-3.251,-3.46,1.64
500,7,500,0,12.5,-0.1,-0.57,-3.427,-3.46,-2.16
630,7,500,0,12.5,-0.2,-0.75,-3.759,-3.46,-2.76
800,7,500,0,12.5,-0.3,-0.99,-1.936,-2.29,0.14
1000,7,500,0,12.5,-0.5,-1.28,-2.36,-2.29,-1.56
1250,7,500,0,12.5,-0.7,-1.71,-2.851,-2.29,-2.06
1600,7,500,0,12.5,-1.1,-2.44,-3.641,-4.99,-2.96
2000,7,500,0,12.5,-1.7,-3.47,-5.06,-4.99,-4.36
2500,7,500,0,12.5,-2.7,-5.07,-7.131,-4.99,-6.56
3150,7,500,0,12.5,-3.7,-7.66,-10.559,-15.87,-9.96
4000,7,500,0,12.5,-5.5,-11.9,-15.93,-15.87,-15.16
5000,7,500,0,12.5,-8.9,-18.09,-24.309,-15.87,-23.06
6300,7,500,0,12.5,-13.9,-27.95,-37.139,-56.69,-34.76
8000,7,500,0,12.5,-21.8,-43.67,-56.849,-56.69,-51.26
10000,7,500,0,12.5,-34.2,-65.68,-86.368,-56.69,-73.16
50,7,500,90,12.5,0.8,3.3,2.972,2.91,-0.56
63,7,500,90,12.5,-2.8,3.3,2.837,2.91,-1.16
80,7,500,90,12.5,0.4,3.29,2.847,2.91,-2.76
100,7,500,90,12.5,0.3,0.28,-3.215,-3.28,-4.86
125,7,500,90,12.5,0.3,0.27,-3.26,-3.28,-4.06
160,7,500,90,12.5,0.3,0.25,-3.408,-3.28,-1.66
200,7,500,90,12.5,0.2,0.23,-6.489,-6.65,-0.26
250,7,500,90,12.5,0.2,0.2,-6.629,-6.65,1.54
315,7,500,90,12.5,0.1,0.17,-6.848,-6.65,2.64
400,7,500,90,12.5,0,0.14,-3.251,-3.46,3.04
500,7,500,90,12.5,-0.1,0.1,-3.427,-3.46,2.34
630,7,500,90,12.5,-0.2,0.06,-3.759,-3.46,-0.16
800,7,500,90,12.5,-0.3,0.01,-1.936,-2.29,-2.86
1000,7,500,90,12.5,-0.5,-0.06,-2.36,-2.29,-1.56
1250,7,500,90,12.5,-0.7,-0.16,-2.851,-2.29,-2.06
1600,7,500,90,12.5,-1.1,-0.32,-3.641,-4.99,-2.96
2000,7,500,90,12.5,-1.7,-0.56,-5.06,-4.99,-4.36
2500,7,500,90,12.5,-2.7,-0.92,-7.131,-4.99,-6.56
3150,7,500,90,12.5,-3.7,-1.51,-10.559,-15.87,-9.96
4000,7,500,90,12.5,-5.5,-2.47,-15.93,-15.87,-15.16
5000,7,500,90,12.5,-8.9,-3.88,-24.309,-15.87,-23.06
6300,7,500,90,12.5,-13.9,-6.12,-37.139,-56.69,-34.76
8000,7,500,90,12.5,-21.8,-9.7,-56.849,-56.69,-51.26
10000,7,500,90,12.5,-34.2,-14.7,-86.368,-56.69,-73.16
50,7,500,180,12.5,0.8,5.62,2.972,2.91,-1.76
63,7,500,180,12.5,-2.4,5.5,2.837,2.91,-1.26
80,7,500,180,12.5,0.4,5.29,2.847,2.91,-0.66
100,7,500,180,12.5,0.3,2.02,-3.215,-3.28,-1.36
125,7,500,180,12.5,0.3,1.61,-3.26,-3.28,-2.66
160,7,500,180,12.5,0.3,0.98,-3.408,-3.28,-1.96
200,7,500,180,12.5,0.2,0.24,-6.489,-6.65,-1.06
250,7,500,180,12.5,0.2,-0.65,-6.629,-6.65,-0.36
315,7,500,180,12.5,0.1,-1.66,-6.848,-6.65,0.34
400,7,500,180,12.5,0,-2.82,-3.251,-3.46,0.94
500,7,500,180,12.5,-0.1,-3.97,-3.427,-3.46,1.34
630,7,500,180,12.5,-0.2,-5.31,-3.759,-3.46,1.14
800,7,500,180,12.5,-0.3,-7.03,-1.936,-2.29,0.14
1000,7,500,180,12.5,-0.5,-9.2,-2.36,-2.29,-1.56
1250,7,500,180,12.5,-0.7,-12.38,-2.851,-2.29,-2.06
1600,7,500,180,12.5,-1.1,-17.78,-3.641,-4.99,-2.96
2000,7,500,180,12.5,-1.7,-25.45,-5.06,-4.99,-4.36
2500,7,500,180,12.5,-2.7,-37.29,-7.131,-4.99,-6.56
3150,7,500,180,12.5,-3.7,-56.51,-10.559,-15.87,-9.96
4000,7,500,180,12.5,-5.6,-87.9,-15.93,-15.87,-15.16
5000,7,500,180,12.5,-8.9,-133.72,-24.309,-15.87,-23.06
6300,7,500,180,12.5,-13.9,-206.77,-37.139,-56.69,-34.76
8000,7,500,180,12.5,-21.8,-323.24,-56.849,-56.69,-51.26
10000,7,500,180,12.5,-34.2,-486.28,-86.368,-56.69,-73.16
50,9,500,0,12.5,0.6,3.153,2.875,2.933,-1.057
63,9,500,0,12.5,-2.7,3.133,2.841,2.933,-2.657
80,9,500,0,12.5,0.4,3.103,2.75,2.933,-4.057
100,9,500,0,12.5,0.3,0.073,-3.312,-3.247,-3.957
125,9,500,0,12.5,0.3,0.013,-3.457,-3.247,-1.857
160,9,500,0,12.5,0.3,-0.067,-3.605,-3.247,0.443
200,9,500,0,12.5,0.2,-0.167,-6.585,-6.607,1.943
250,9,500,0,12.5,0.1,-0.287,-6.726,-6.607,2.043
315,9,500,0,12.5,0.1,-0.427,-6.945,-6.607,-0.157
400,9,500,0,12.5,0,-0.577,-3.348,-3.407,-3.757
500,9,500,0,12.5,-0.1,-0.737,-3.524,-3.407,-0.157
630,9,500,0,12.5,-0.2,-0.917,-3.756,-3.407,0.043
800,9,500,0,12.5,-0.3,-1.147,-1.933,-2.217,-2.157
1000,9,500,0,12.5,-0.5,-1.437,-2.357,-2.217,-1.557
1250,9,500,0,12.5,-0.7,-1.867,-2.948,-2.217,-2.257
1600,9,500,0,12.5,-1.1,-2.597,-3.638,-4.847,-3.157
2000,9,500,0,12.5,-1.7,-3.627,-5.057,-4.847,-4.557
2500,9,500,0,12.5,-2.6,-5.217,-7.128,-4.847,-6.757
3150,9,500,0,12.5,-3.6,-7.807,-10.556,-15.467,-10.057
4000,9,500,0,12.5,-5.4,-12.027,-15.727,-15.467,-15.257
5000,9,500,0,12.5,-8.6,-18.197,-24.106,-15.467,-23.057
6300,9,500,0,12.5,-13.5,-28.027,-36.736,-55.277,-34.557
8000,9,500,0,12.5,-21.3,-43.707,-56.146,-55.277,-50.857
10000,9,500,0,12.5,-33.5,-65.647,-85.365,-55.277,-72.557
50,9,500,90,12.5,0.6,3.3,2.972,2.91,-0.56
63,9,500,90,12.5,-2.7,3.3,2.837,2.91,-1.06
80,9,500,90,12.5,0.4,3.29,2.847,2.91,-2.76
100,9,500,90,12.5,0.3,0.29,-3.215,-3.28,-4.86
125,9,500,90,12.5,0.3,0.28,-3.26,-3.28,-4.06
160,9,500,90,12.5,0.3,0.26,-3.408,-3.28,-1.66
200,9,500,90,12.5,0.2,0.24,-6.489,-6.65,-0.26
250,9,500,90,12.5,0.1,0.22,-6.629,-6.65,1.54
315,9,500,90,12.5,0.1,0.19,-6.848,-6.65,2.64
400,9,500,90,12.5,0,0.16,-3.251,-3.46,3.04
500,9,500,90,12.5,-0.1,0.13,-3.427,-3.46,2.34
630,9,500,90,12.5,-0.2,0.09,-3.759,-3.46,-0.16
800,9,500,90,12.5,-0.3,0.04,-1.936,-2.29,-2.86
1000,9,500,90,12.5,-0.5,-0.02,-2.36,-2.29,-1.56
1250,9,500,90,12.5,-0.7,-0.1,-2.851,-2.29,-2.06
1600,9,500,90,12.5,-1.1,-0.25,-3.641,-4.99,-2.96
2000,9,500,90,12.5,-1.7,-0.45,-5.06,-4.99,-4.36
2500,9,500,90,12.5,-2.6,-0.77,-7.131,-4.99,-6.56
3150,9,500,90,12.5,-3.6,-1.29,-10.559,-15.87,-9.96
4000,9,500,90,12.5,-5.4,-2.14,-15.93,-15.87,-15.16
5000,9,500,90,12.5,-8.6,-3.38,-24.309,-15.87,-23.06
6300,9,500,90,12.5,-13.5,-5.35,-37.139,-56.69,-34.76
8000,9,500,90,12.5,-21.3,-8.49,-56.849,-56.69,-51.26
10000,9,500,90,12.5,-33.5,-12.9,-86.368,-56.69,-73.16
50,9,500,180,12.5,0.7,8.08,2.972,2.91,-2.46
63,9,500,180,12.5,-1.8,7.93,2.837,2.91,-1.96
80,9,500,180,12.5,0.4,7.68,2.847,2.91,-1.16
100,9,500,180,12.5,0.3,4.36,-3.215,-3.28,-0.86
125,9,500,180,12.5,0.3,3.86,-3.26,-3.28,-1.66
160,9,500,180,12.5,0.3,3.12,-3.408,-3.28,-1.96
200,9,500,180,12.5,0.2,2.23,-6.489,-6.65,-1.16
250,9,500,180,12.5,0.1,1.16,-6.629,-6.65,-0.66
315,9,500,180,12.5,0.1,-0.06,-6.848,-6.65,-0.26
400,9,500,180,12.5,0,-1.45,-3.251,-3.46,0.14
500,9,500,180,12.5,-0.1,-2.83,-3.427,-3.46,0.34
630,9,500,180,12.5,-0.2,-4.44,-3.759,-3.46,0.34
800,9,500,180,12.5,-0.3,-6.51,-1.936,-2.29,-0.16
1000,9,500,180,12.5,-0.5,-9.11,-2.36,-2.29,-1.56
1250,9,500,180,12.5,-0.7,-12.92,-2.851,-2.29,-2.16
1600,9,500,180,12.5,-1.1,-19.41,-3.641,-4.99,-3.06
2000,9,500,180,12.5,-1.7,-28.6,-5.06,-4.99,-4.46
2500,9,500,180,12.5,-2.6,-42.82,-7.131,-4.99,-6.66
3150,9,500,180,12.5,-3.6,-65.88,-10.559,-15.87,-10.06
4000,9,500,180,12.5,-5.4,-103.54,-15.93,-15.87,-15.16
5000,9,500,180,12.5,-8.7,-158.53,-24.309,-15.87,-23.06
6300,9,500,180,12.5,-13.5,-246.19,-37.139,-56.69,-34.76
8000,9,500,180,12.5,-21.4,-385.96,-56.849,-56.69,-51.26
10000,9,500,180,12.5,-33.6,-581.6,-86.368,-56.69,-73.16
50,3,1000,0,12.5,-3.1,3.045,2.937,2.875,-0.395
63,3,1000,0,12.5,-3.4,3.005,2.903,2.875,-3.395
80,3,1000,0,12.5,-3,2.955,2.812,2.875,-3.995
100,3,1000,0,12.5,-2.6,-0.115,-5.05,-5.185,-1.995
125,3,1000,0,12.5,-2.2,-0.235,-5.194,-5.185,1.305
160,3,1000,0,12.5,-1.7,-0.395,-5.443,-5.185,2.805
200,3,1000,0,12.5,-1.6,-0.595,-6.923,-7.205,1.105
250,3,1000,0,12.5,-1.1,-0.835,-7.164,-7.205,-1.995
315,3,1000,0,12.5,-1.4,-1.115,-7.583,-7.205,-0.695
400,3,1000,0,12.5,-2.1,-1.425,-4.186,-4.565,-1.495
500,3,1000,0,12.5,-2.4,-1.735,-4.562,-4.565,-1.595
630,3,1000,0,12.5,-2.6,-2.095,-4.994,-4.565,-1.695
800,3,1000,0,12.5,-2.8,-2.565,-3.471,-4.255,-3.495
1000,3,1000,0,12.5,-3.2,-3.145,-4.295,-4.255,-3.395
1250,3,1000,0,12.5,-3.8,-4.005,-5.386,-4.255,-2.795
1600,3,1000,0,12.5,-5.4,-5.455,-6.975,-9.615,-6.695
2000,3,1000,0,12.5,-8.3,-7.525,-9.595,-9.615,-7.495
2500,3,1000,0,12.5,-12.4,-10.715,-13.765,-9.615,-14.795
3150,3,1000,0,12.5,-18.6,-15.895,-20.393,-30.685,-18.895
4000,3,1000,0,12.5,-28.6,-24.355,-30.665,-30.685,-30.595
5000,3,1000,0,12.5,-44.6,-36.705,-46.843,-30.685,-42.995
6300,3,1000,0,12.5,-67.1,-56.395,-71.674,-109.745,-63.895
8000,3,1000,0,12.5,-100.7,-87.775,-106.384,-109.745,-89.695
10000,3,1000,0,12.5,-150,-131.715,-109.103,-109.745,-116.895
50,3,1000,90,12.5,-3.1,3.005,2.937,2.875,0.705
63,3,1000,90,12.5,-3.4,2.995,2.903,2.875,-1.895
80,3,1000,90,12.5,-3,2.985,2.812,2.875,-3.695
100,3,1000,90,12.5,-2.6,-0.045,-5.05,-5.185,-3.095
125,3,1000,90,12.5,-2.2,-0.075,-5.194,-5.185,-0.395
160,3,1000,90,12.5,-1.7,-0.125,-5.443,-5.185,1.905
200,3,1000,90,12.5,-1.6,-0.185,-6.923,-7.205,2.505
250,3,1000,90,12.5,-1.1,-0.255,-7.164,-7.205,-0.095
315,3,1000,90,12.5,-1.4,-0.335,-7.583,-7.205,-3.595
400,3,1000,90,12.5,-2.1,-0.425,-4.186,-4.565,0.205
500,3,1000,90,12.5,-2.4,-0.515,-4.562,-4.565,-1.395
630,3,1000,90,12.5,-2.6,-0.625,-4.994,-4.565,-2.095
800,3,1000,90,12.5,-2.9,-0.755,-3.471,-4.255,-3.295
1000,3,1000,90,12.5,-3.2,-0.935,-4.295,-4.255,-2.295
1250,3,1000,90,12.5,-3.8,-1.185,-5.386,-4.255,-3.295
1600,3,1000,90,12.5,-5.4,-1.615,-6.975,-9.615,-5.895
2000,3,1000,90,12.5,-8.3,-2.215,-9.595,-9.615,-9.495
2500,3,1000,90,12.5,-12.4,-3.155,-13.765,-9.615,-15.295
3150,3,1000,90,12.5,-18.6,-4.685,-20.393,-30.685,-18.095
4000,3,1000,90,12.5,-28.6,-7.165,-30.665,-30.685,-27.695
5000,3,1000,90,12.5,-44.6,-10.805,-46.843,-30.685,-44.895
6300,3,1000,90,12.5,-67.1,-16.595,-71.674,-109.745,-63.495
8000,3,1000,90,12.5,-100.7,-25.825,-106.384,-109.745,-87.995
10000,3,1000,90,12.5,-150,-38.745,-109.103,-109.745,-118.495
50,3,1000,180,12.5,-3.1,3.495,2.937,2.875,1.305
63,3,1000,180,12.5,-3.5,3.385,2.903,2.875,-0.695
80,3,1000,180,12.5,-3.1,3.195,2.812,2.875,-2.295
100,3,1000,180,12.5,-2.7,-0.045,-5.05,-5.185,-2.395
125,3,1000,180,12.5,-2.3,-0.415,-5.194,-5.185,-1.295
160,3,1000,180,12.5,-1.8,-0.975,-5.443,-5.185,0.005
200,3,1000,180,12.5,-1.7,-1.645,-6.923,-7.205,1.005
250,3,1000,180,12.5,-1.4,-2.445,-7.164,-7.205,0.505
315,3,1000,180,12.5,-1.1,-3.345,-7.583,-7.205,-1.395
400,3,1000,180,12.5,-2.1,-4.395,-4.186,-4.565,-0.595
500,3,1000,180,12.5,-2.4,-5.435,-4.562,-4.565,-2.195
630,3,1000,180,12.5,-2.7,-6.635,-4.994,-4.565,-2.395
800,3,1000,180,12.5,-3,-8.175,-3.471,-4.255,-1.995
1000,3,1000,180,12.5,-3.4,-10.125,-4.295,-4.255,-4.695
1250,3,1000,180,12.5,-4.1,-12.985,-5.386,-4.255,-3.795
1600,3,1000,180,12.5,-5.4,-17.835,-6.975,-9.615,-6.995
2000,3,1000,180,12.5,-8.3,-24.715,-9.595,-9.615,-10.495
2500,3,1000,180,12.5,-12.4,-35.365,-13.765,-9.615,-14.695
3150,3,1000,180,12.5,-18.6,-52.625,-20.393,-30.685,-18.895
4000,3,1000,180,12.5,-28.6,-80.825,-30.665,-30.685,-30.595
5000,3,1000,180,12.5,-44.6,-121.985,-46.843,-30.685,-44.395
6300,3,1000,180,12.5,-67.1,-187.615,-71.674,-109.745,-62.495
8000,3,1000,180,12.5,-100.7,-292.245,-106.384,-109.745,-89.995
10000,3,1000,180,12.5,-150.1,-438.705,-109.103,-109.745,-118.295
50,5,1000,0,12.5,-4,3.045,2.937,2.875,-1.495
63,5,1000,0,12.5,-4.5,3.005,2.903,2.875,-3.795
80,5,1000,0,12.5,-4.2,2.955,2.812,2.875,-3.595
100,5,1000,0,12.5,-3.9,-0.115,-5.05,-5.185,-1.095
125,5,1000,0,12.5,-3.8,-0.235,-5.194,-5.185,1.905
160,5,1000,0,12.5,-3.9,-0.395,-5.443,-5.185,2.205
200,5,1000,0,12.5,-4.2,-0.595,-6.923,-7.205,-0.195
250,5,1000,0,12.5,-4.4,-0.835,-7.164,-7.205,-0.895
315,5,1000,0,12.5,-4.7,-1.115,-7.583,-7.205,-1.595
400,5,1000,0,12.5,-4.9,-1.425,-4.186,-4.565,0.105
500,5,1000,0,12.5,-5.3,-1.735,-4.562,-4.565,-3.095
630,5,1000,0,12.5,-5.6,-2.095,-4.994,-4.565,-4.295
800,5,1000,0,12.5,-6,-2.565,-3.471,-4.255,-4.595
1000,5,1000,0,12.5,-6.6,-3.145,-4.295,-4.255,-3.195
1250,5,1000,0,12.5,-7.6,-4.005,-5.386,-4.255,-7.595
1600,5,1000,0,12.5,-8.7,-5.455,-6.975,-9.615,-7.995
2000,5,1000,0,12.5,-11.2,-7.525,-9.595,-9.615,-7.095
2500,5,1000,0,12.5,-15,-10.715,-13.765,-9.615,-15.395
3150,5,1000,0,12.5,-20.7,-15.895,-20.393,-30.685,-21.495
4000,5,1000,0,12.5,-29.6,-24.355,-30.665,-30.685,-28.895
5000,5,1000,0,12.5,-44.5,-36.705,-46.843,-30.685,-42.695
6300,5,1000,0,12.5,-65.2,-56.395,-71.674,-109.745,-64.395
8000,5,1000,0,12.5,-95.9,-87.775,-106.384,-109.745,-86.395
10000,5,1000,0,12.5,-143.2,-131.715,-109.103,-109.745,-115.095
50,5,1000,90,12.5,-4,3.005,2.937,2.875,0.705
63,5,1000,90,12.5,-4.5,2.995,2.903,2.875,-1.895
80,5,1000,90,12.5,-4.2,2.985,2.812,2.875,-3.695
100,5,1000,90,12.5,-3.9,-0.035,-5.05,-5.185,-3.095
125,5,1000,90,12.5,-3.8,-0.065,-5.194,-5.185,-0.395
160,5,1000,90,12.5,-3.9,-0.115,-5.443,-5.185,1.905
200,5,1000,90,12.5,-4.2,-0.175,-6.923,-7.205,2.505
250,5,1000,90,12.5,-4.5,-0.235,-7.164,-7.205,-0.095
315,5,1000,90,12.5,-4.7,-0.315,-7.583,-7.205,-3.595
400,5,1000,90,12.5,-4.9,-0.395,-4.186,-4.565,0.205
500,5,1000,90,12.5,-5.3,-0.485,-4.562,-4.565,-1.295
630,5,1000,90,12.5,-5.6,-0.585,-4.994,-4.565,-2.195
800,5,1000,90,12.5,-6,-0.715,-3.471,-4.255,-3.195
1000,5,1000,90,12.5,-6.7,-0.875,-4.295,-4.255,-2.195
1250,5,1000,90,12.5,-7.7,-1.115,-5.386,-4.255,-3.295
1600,5,1000,90,12.5,-8.7,-1.525,-6.975,-9.615,-5.695
2000,5,1000,90,12.5,-11.3,-2.095,-9.595,-9.615,-9.795
2500,5,1000,90,12.5,-15.1,-2.985,-13.765,-9.615,-15.595
3150,5,1000,90,12.5,-20.8,-4.415,-20.393,-30.685,-18.195
4000,5,1000,90,12.5,-29.7,-6.765,-30.665,-30.685,-27.995
5000,5,1000,90,12.5,-44.5,-10.195,-46.843,-30.685,-45.795
6300,5,1000,90,12.5,-65.3,-15.665,-71.674,-109.745,-62.395
8000,5,1000,90,12.5,-96,-24.385,-106.384,-109.745,-87.195
10000,5,1000,90,12.5,-143.3,-36.595,-109.103,-109.745,-120.695
50,5,1000,180,12.5,-4,7.695,2.937,2.875,1.405
63,5,1000,180,12.5,-4.6,7.485,2.903,2.875,-0.295
80,5,1000,180,12.5,-4.3,7.125,2.812,2.875,-1.595
100,5,1000,180,12.5,-4,3.665,-5.05,-5.185,-1.595
125,5,1000,180,12.5,-3.9,2.935,-5.194,-5.185,-0.395
160,5,1000,180,12.5,-4,1.855,-5.443,-5.185,0.305
200,5,1000,180,12.5,-4.3,0.565,-6.923,-7.205,0.005
250,5,1000,180,12.5,-4.6,-0.985,-7.164,-7.205,-0.895
315,5,1000,180,12.5,-4.9,-2.745,-7.583,-7.205,-2.095
400,5,1000,180,12.5,-5.1,-4.755,-4.186,-4.565,-1.095
500,5,1000,180,12.5,-5.5,-6.765,-4.562,-4.565,-0.995
630,5,1000,180,12.5,-5.9,-9.095,-4.994,-4.565,-1.895
800,5,1000,180,12.5,-6.3,-12.085,-3.471,-4.255,-2.295
1000,5,1000,180,12.5,-7,-15.855,-4.295,-4.255,-3.795
1250,5,1000,180,12.5,-8.1,-21.385,-5.386,-4.255,-5.095
1600,5,1000,180,12.5,-9.2,-30.775,-6.975,-9.615,-6.095
2000,5,1000,180,12.5,-11.9,-44.105,-9.595,-9.615,-9.495
2500,5,1000,180,12.5,-15.7,-64.705,-13.765,-9.615,-13.095
3150,5,1000,180,12.5,-21.5,-98.115,-20.393,-30.685,-20.095
4000,5,1000,180,12.5,-30.5,-152.685,-30.665,-30.685,-29.095
5000,5,1000,180,12.5,-45.3,-232.365,-46.843,-30.685,-43.195
6300,5,1000,180,12.5,-66.1,-359.385,-71.674,-109.745,-63.195
8000,5,1000,180,12.5,-97,-561.895,-106.384,-109.745,-88.795
10000,5,1000,180,12.5,-144.3,-845.365,-109.103,-109.745,-117.595
50,7,1000,0,12.5,-4.2,3.045,2.937,2.875,-2.595
63,7,1000,0,12.5,-4.8,3.005,2.903,2.875,-3.595
80,7,1000,0,12.5,-4.5,2.955,2.812,2.875,-2.795
100,7,1000,0,12.5,-4.3,-0.115,-5.05,-5.185,-0.295
125,7,1000,0,12.5,-4.3,-0.235,-5.194,-5.185,1.905
160,7,1000,0,12.5,-4.5,-0.395,-5.443,-5.185,0.705
200,7,1000,0,12.5,-4.8,-0.595,-6.923,-7.205,0.805
250,7,1000,0,12.5,-5.2,-0.835,-7.164,-7.205,-0.795
315,7,1000,0,12.5,-5.5,-1.115,-7.583,-7.205,-1.095
400,7,1000,0,12.5,-5.9,-1.425,-4.186,-4.565,-2.295
500,7,1000,0,12.5,-6.3,-1.735,-4.562,-4.565,-0.195
630,7,1000,0,12.5,-6.8,-2.095,-4.994,-4.565,-0.895
800,7,1000,0,12.5,-7.3,-2.565,-3.471,-4.255,-4.095
1000,7,1000,0,12.5,-8.2,-3.145,-4.295,-4.255,-2.795
1250,7,1000,0,12.5,-9.3,-4.005,-5.386,-4.255,-3.195
1600,7,1000,0,12.5,-10.7,-5.455,-6.975,-9.615,-5.195
2000,7,1000,0,12.5,-13.4,-7.525,-9.595,-9.615,-7.695
2500,7,1000,0,12.5,-17.3,-10.715,-13.765,-9.615,-11.995
3150,7,1000,0,12.5,-23,-15.895,-20.393,-30.685,-17.495
4000,7,1000,0,12.5,-31.9,-24.355,-30.665,-30.685,-30.095
5000,7,1000,0,12.5,-46.5,-36.705,-46.843,-30.685,-42.695
6300,7,1000,0,12.5,-66.9,-56.395,-71.674,-109.745,-62.495
8000,7,1000,0,12.5,-97.1,-87.775,-106.384,-109.745,-91.995
10000,7,1000,0,12.5,-143.8,-131.715,-109.103,-109.745,-118.395
50,7,1000,90,12.5,-4.2,3.015,2.937,2.875,0.805
63,7,1000,90,12.5,-4.8,3.005,2.903,2.875,-1.795
80,7,1000,90,12.5,-4.5,2.995,2.812,2.875,-3.695
100,7,1000,90,12.5,-4.3,-0.025,-5.05,-5.185,-3.095
125,7,1000,90,12.5,-4.3,-0.055,-5.194,-5.185,-0.495
160,7,1000,90,12.5,-4.5,-0.085,-5.443,-5.185,1.805
200,7,1000,90,12.5,-4.9,-0.135,-6.923,-7.205,2.505
250,7,1000,90,12.5,-5.2,-0.185,-7.164,-7.205,-0.095
315,7,1000,90,12.5,-5.6,-0.255,-7.583,-7.205,-3.595
400,7,1000,90,12.5,-5.9,-0.325,-4.186,-4.565,0.105
500,7,1000,90,12.5,-6.4,-0.395,-4.562,-4.565,-1.295
630,7,1000,90,12.5,-6.8,-0.475,-4.994,-4.565,-2.295
800,7,1000,90,12.5,-7.4,-0.585,-3.471,-4.255,-3.095
1000,7,1000,90,12.5,-8.2,-0.715,-4.295,-4.255,-2.195
1250,7,1000,90,12.5,-9.4,-0.905,-5.386,-4.255,-3.295
1600,7,1000,90,12.5,-10.8,-1.235,-6.975,-9.615,-5.595
2000,7,1000,90,12.5,-13.5,-1.705,-9.595,-9.615,-10.095
2500,7,1000,90,12.5,-17.3,-2.435,-13.765,-9.615,-15.595
3150,7,1000,90,12.5,-23.1,-3.615,-20.393,-30.685,-18.495
4000,7,1000,90,12.5,-32,-5.535,-30.665,-30.685,-28.395
5000,7,1000,90,12.5,-46.6,-8.345,-46.843,-30.685,-46.095
6300,7,1000,90,12.5,-67,-12.815,-71.674,-109.745,-61.795
8000,7,1000,90,12.5,-97.1,-19.945,-106.384,-109.745,-86.895
10000,7,1000,90,12.5,-143.8,-29.935,-109.103,-109.745,-120.095
50,7,1000,180,12.5,-4.3,7.635,2.937,2.875,1.105
63,7,1000,180,12.5,-4.9,7.395,2.903,2.875,0.205
80,7,1000,180,12.5,-4.7,6.985,2.812,2.875,-1.495
100,7,1000,180,12.5,-4.4,3.445,-5.05,-5.185,-0.795
125,7,1000,180,12.5,-4.4,2.615,-5.194,-5.185,0.505
160,7,1000,180,12.5,-4.6,1.375,-5.443,-5.185,1.305
200,7,1000,180,12.5,-5,-0.105,-6.923,-7.205,0.905
250,7,1000,180,12.5,-5.4,-1.885,-7.164,-7.205,-0.795
315,7,1000,180,12.5,-5.8,-3.905,-7.583,-7.205,-2.195
400,7,1000,180,12.5,-6.1,-6.215,-4.186,-4.565,-0.995
500,7,1000,180,12.5,-6.6,-8.525,-4.562,-4.565,-2.295
630,7,1000,180,12.5,-7.1,-11.195,-4.994,-4.565,-2.495
800,7,1000,180,12.5,-7.7,-14.635,-3.471,-4.255,-3.495
1000,7,1000,180,12.5,-8.6,-18.965,-4.295,-4.255,-4.295
1250,7,1000,180,12.5,-9.8,-25.305,-5.386,-4.255,-5.395
1600,7,1000,180,12.5,-11.2,-36.095,-6.975,-9.615,-6.895
2000,7,1000,180,12.5,-14,-51.395,-9.595,-9.615,-9.195
2500,7,1000,180,12.5,-17.9,-75.045,-13.765,-9.615,-13.195
3150,7,1000,180,12.5,-23.7,-113.405,-20.393,-30.685,-19.795
4000,7,1000,180,12.5,-32.7,-176.065,-30.665,-30.685,-29.195
5000,7,1000,180,12.5,-47.3,-267.545,-46.843,-30.685,-43.395
6300,7,1000,180,12.5,-67.8,-413.375,-71.674,-109.745,-63.295
8000,7,1000,180,12.5,-97.9,-645.895,-106.384,-109.745,-88.795
10000,7,1000,180,12.5,-144.5,-971.365,-109.103,-109.745,-117.795
50,9,1000,0,12.5,-4.5,3.045,2.937,2.875,-2.895
63,9,1000,0,12.5,-5.2,3.005,2.903,2.875,-2.995
80,9,1000,0,12.5,-4.9,2.955,2.812,2.875,-2.095
100,9,1000,0,12.5,-4.6,-0.115,-5.05,-5.185,0.205
125,9,1000,0,12.5,-4.8,-0.235,-5.194,-5.185,1.305
160,9,1000,0,12.5,-5.1,-0.395,-5.443,-5.185,0.505
200,9,1000,0,12.5,-5.5,-0.595,-6.923,-7.205,0.905
250,9,1000,0,12.5,-5.9,-0.835,-7.164,-7.205,-2.195
315,9,1000,0,12.5,-6.3,-1.115,-7.583,-7.205,0.405
400,9,1000,0,12.5,-6.7,-1.425,-4.186,-4.565,-1.395
500,9,1000,0,12.5,-7.3,-1.735,-4.562,-4.565,-2.795
630,9,1000,0,12.5,-7.9,-2.095,-4.994,-4.565,-0.695
800,9,1000,0,12.5,-8.5,-2.565,-3.471,-4.255,-0.895
1000,9,1000,0,12.5,-9.5,-3.145,-4.295,-4.255,-1.595
1250,9,1000,0,12.5,-10.7,-4.005,-5.386,-4.255,-4.595
1600,9,1000,0,12.5,-12.2,-5.455,-6.975,-9.615,-7.295
2000,9,1000,0,12.5,-15,-7.525,-9.595,-9.615,-9.595
2500,9,1000,0,12.5,-18.9,-10.715,-13.765,-9.615,-11.795
3150,9,1000,0,12.5,-24.6,-15.895,-20.393,-30.685,-21.895
4000,9,1000,0,12.5,-33.4,-24.355,-30.665,-30.685,-28.995
5000,9,1000,0,12.5,-47.7,-36.705,-46.843,-30.685,-41.095
6300,9,1000,0,12.5,-67.3,-56.395,-71.674,-109.745,-63.795
8000,9,1000,0,12.5,-96.5,-87.775,-106.384,-109.745,-86.395
10000,9,1000,0,12.5,-142.4,-131.715,-109.103,-109.745,-119.795
50,9,1000,90,12.5,-4.5,3.015,2.937,2.875,0.805
63,9,1000,90,12.5,-5.2,3.005,2.903,2.875,-1.795
80,9,1000,90,12.5,-4.9,2.995,2.812,2.875,-3.695
100,9,1000,90,12.5,-4.7,-0.015,-5.05,-5.185,-3.095
125,9,1000,90,12.5,-4.8,-0.045,-5.194,-5.185,-0.495
160,9,1000,90,12.5,-5.1,-0.075,-5.443,-5.185,1.805
200,9,1000,90,12.5,-5.5,-0.115,-6.923,-7.205,2.505
250,9,1000,90,12.5,-5.9,-0.165,-7.164,-7.205,0.005
315,9,1000,90,12.5,-6.3,-0.215,-7.583,-7.205,-3.595
400,9,1000,90,12.5,-6.8,-0.285,-4.186,-4.565,0.105
500,9,1000,90,12.5,-7.3,-0.345,-4.562,-4.565,-1.295
630,9,1000,90,12.5,-7.9,-0.415,-4.994,-4.565,-2.395
800,9,1000,90,12.5,-8.5,-0.505,-3.471,-4.255,-2.995
1000,9,1000,90,12.5,-9.5,-0.625,-4.295,-4.255,-2.195
1250,9,1000,90,12.5,-10.7,-0.795,-5.386,-4.255,-3.295
1600,9,1000,90,12.5,-12.3,-1.085,-6.975,-9.615,-5.495
2000,9,1000,90,12.5,-15.1,-1.505,-9.595,-9.615,-10.395
2500,9,1000,90,12.5,-18.9,-2.135,-13.765,-9.615,-15.495
3150,9,1000,90,12.5,-24.6,-3.175,-20.393,-30.685,-18.795
4000,9,1000,90,12.5,-33.5,-4.865,-30.665,-30.685,-28.995
5000,9,1000,90,12.5,-47.7,-7.335,-46.843,-30.685,-45.495
6300,9,1000,90,12.5,-67.3,-11.275,-71.674,-109.745,-61.395
8000,9,1000,90,12.5,-96.6,-17.555,-106.384,-109.745,-86.995
10000,9,1000,90,12.5,-142.4,-26.335,-109.103,-109.745,-117.795
50,9,1000,180,12.5,-4.6,12.545,2.937,2.875,0.505
63,9,1000,180,12.5,-5.4,12.255,2.903,2.875,0.205
80,9,1000,180,12.5,-5.1,11.755,2.812,2.875,-1.695
100,9,1000,180,12.5,-4.8,8.115,-5.05,-5.185,-0.395
125,9,1000,180,12.5,-5,7.125,-5.194,-5.185,0.405
160,9,1000,180,12.5,-5.3,5.625,-5.443,-5.185,0.805
200,9,1000,180,12.5,-5.7,3.845,-6.923,-7.205,1.005
250,9,1000,180,12.5,-6.1,1.715,-7.164,-7.205,-0.295
315,9,1000,180,12.5,-6.6,-0.705,-7.583,-7.205,-2.495
400,9,1000,180,12.5,-7,-3.475,-4.186,-4.565,-0.495
500,9,1000,180,12.5,-7.6,-6.255,-4.562,-4.565,-1.695
630,9,1000,180,12.5,-8.2,-9.455,-4.994,-4.565,-2.495
800,9,1000,180,12.5,-8.9,-13.585,-3.471,-4.255,-3.595
1000,9,1000,180,12.5,-9.9,-18.775,-4.295,-4.255,-3.195
1250,9,1000,180,12.5,-11.2,-26.385,-5.386,-4.255,-5.095
1600,9,1000,180,12.5,-12.8,-39.335,-6.975,-9.615,-6.395
2000,9,1000,180,12.5,-15.6,-57.685,-9.595,-9.615,-8.395
2500,9,1000,180,12.5,-19.5,-86.075,-13.765,-9.615,-13.295
3150,9,1000,180,12.5,-25.2,-132.105,-20.393,-30.685,-19.095
4000,9,1000,180,12.5,-33.9,-207.295,-30.665,-30.685,-30.695
5000,9,1000,180,12.5,-47.9,-317.065,-46.843,-30.685,-43.695
6300,9,1000,180,12.5,-67.7,-492.075,-71.674,-109.745,-62.595
8000,9,1000,180,12.5,-96.9,-771.085,-106.384,-109.745,-88.295
10000,9,1000,180,12.5,-142.7,-1161.655,-109.103,-109.745,-117.295
50,3,1500,0,12.5,-12,5.382,-4.827,2.822,-5.058
63,3,1500,0,12.5,-12.3,4.742,-4.861,2.822,-5.458
80,3,1500,0,12.5,-13,3.982,-4.952,2.822,-5.958
100,3,1500,0,12.5,-13.5,0.222,-5.313,-5.618,-5.658
125,3,1500,0,12.5,-14.1,-0.598,-5.658,-5.618,-4.658
160,3,1500,0,12.5,-14.6,-1.568,-6.007,-5.618,-2.858
200,3,1500,0,12.5,-13.8,-2.448,-7.287,-7.768,-1.358
250,3,1500,0,12.5,-12.6,-3.288,-7.727,-7.768,-0.258
315,3,1500,0,12.5,-11.5,-4.098,-8.247,-7.768,0.342
400,3,1500,0,12.5,-10.4,-4.888,-7.35,-5.678,0.042
500,3,1500,0,12.5,-9.8,-5.618,-7.826,-5.678,-1.058
630,3,1500,0,12.5,-9.1,-6.408,-8.358,-5.678,-3.258
800,3,1500,0,12.5,-8.5,-7.358,-9.035,-6.238,-4.158
1000,3,1500,0,12.5,-8.7,-8.478,-10.058,-6.238,-5.358
1250,3,1500,0,12.5,-10.6,-10.008,-11.45,-6.238,-7.058
1600,3,1500,0,12.5,-14.9,-12.448,-13.639,-14.258,-9.558
2000,3,1500,0,12.5,-20.9,-15.798,-17.159,-14.258,-13.458
2500,3,1500,0,12.5,-29.5,-20.818,-22.729,-14.258,-19.458
3150,3,1500,0,12.5,-42.9,-28.818,-31.557,-45.518,-28.558
4000,3,1500,0,12.5,-64.6,-41.758,-45.529,-45.518,-42.058
5000,3,1500,0,12.5,-99.6,-60.518,-69.407,-45.518,-61.258
6300,3,1500,0,12.5,-148.9,-90.308,-102.937,-162.798,-86.658
8000,3,1500,0,12.5,-223.5,-137.668,-105.648,-162.798,-115.958
10000,3,1500,0,12.5,-333.1,-203.848,-105.667,-162.798,-140.558
50,3,1500,90,12.5,-12,5.332,-5.327,2.822,-5.658
63,3,1500,90,12.5,-12.3,4.722,-5.361,2.822,-6.358
80,3,1500,90,12.5,-12.9,4.022,-5.452,2.822,-6.758
100,3,1500,90,12.5,-13.5,0.342,-5.813,-5.618,-7.258
125,3,1500,90,12.5,-14.1,-0.368,-6.058,-5.618,-7.358
160,3,1500,90,12.5,-14.6,-1.148,-6.407,-5.618,-6.958
200,3,1500,90,12.5,-13.8,-1.818,-7.787,-7.768,-6.258
250,3,1500,90,12.5,-12.6,-2.418,-8.227,-7.768,-5.458
315,3,1500,90,12.5,-11.5,-2.938,-8.747,-7.768,-4.458
400,3,1500,90,12.5,-10.4,-3.388,-7.75,-5.678,-3.558
500,3,1500,90,12.5,-9.8,-3.788,-8.326,-5.678,-2.958
630,3,1500,90,12.5,-9.1,-4.198,-8.858,-5.678,-3.058
800,3,1500,90,12.5,-8.5,-4.658,-9.535,-6.238,-3.858
1000,3,1500,90,12.5,-8.7,-5.158,-10.558,-6.238,-5.158
1250,3,1500,90,12.5,-10.6,-5.788,-11.95,-6.238,-7.058
1600,3,1500,90,12.5,-14.9,-6.688,-14.139,-14.258,-9.558
2000,3,1500,90,12.5,-20.9,-7.848,-17.659,-14.258,-13.458
2500,3,1500,90,12.5,-29.5,-9.498,-23.229,-14.258,-19.458
3150,3,1500,90,12.5,-42.9,-12.018,-32.057,-45.518,-28.558
4000,3,1500,90,12.5,-64.6,-16.018,-45.929,-45.518,-42.058
5000,3,1500,90,12.5,-99.6,-21.718,-69.907,-45.518,-61.258
6300,3,1500,90,12.5,-148.9,-30.678,-103.137,-162.798,-86.658
8000,3,1500,90,12.5,-223.5,-44.848,-105.648,-162.798,-115.958
10000,3,1500,90,12.5,-333.1,-64.568,-105.667,-162.798,-140.558
50,3,1500,180,12.5,-11.8,6.062,-8.027,2.822,-4.758
63,3,1500,180,12.5,-12.1,5.302,-8.061,2.822,-5.358
80,3,1500,180,12.5,-12.8,4.352,-8.152,2.822,-6.658
100,3,1500,180,12.5,-13.4,0.342,-8.513,-5.618,-7.258
125,3,1500,180,12.5,-13.9,-0.878,-8.858,-5.618,-8.358
160,3,1500,180,12.5,-14.4,-2.428,-9.107,-5.618,-9.758
200,3,1500,180,12.5,-13.7,-4.008,-10.487,-7.768,-10.558
250,3,1500,180,12.5,-12.6,-5.698,-10.927,-7.768,-10.958
315,3,1500,180,12.5,-11.5,-7.458,-11.447,-7.768,-11.458
400,3,1500,180,12.5,-10.5,-9.328,-10.45,-5.678,-11.858
500,3,1500,180,12.5,-9.8,-11.148,-11.026,-5.678,-12.158
630,3,1500,180,12.5,-9.2,-13.198,-11.558,-5.678,-12.458
800,3,1500,180,12.5,-8.6,-15.778,-12.235,-6.238,-13.158
1000,3,1500,180,12.5,-8.8,-18.938,-13.258,-6.238,-14.358
1250,3,1500,180,12.5,-10.4,-23.458,-14.65,-6.238,-16.058
1600,3,1500,180,12.5,-14.8,-30.998,-16.839,-14.258,-18.658
2000,3,1500,180,12.5,-20.9,-41.558,-20.359,-14.258,-22.658
2500,3,1500,180,12.5,-29.4,-57.748,-25.929,-14.258,-28.558
3150,3,1500,180,12.5,-42.9,-83.848,-34.757,-45.518,-37.658
4000,3,1500,180,12.5,-64.6,-126.358,-48.629,-45.518,-51.058
5000,3,1500,180,12.5,-99.5,-188.288,-72.607,-45.518,-70.258
6300,3,1500,180,12.5,-148.9,-286.898,-104.137,-162.798,-95.558
8000,3,1500,180,12.5,-223.5,-443.988,-105.648,-162.798,-124.758
10000,3,1500,180,12.5,-333.1,-663.758,-105.667,-162.798,-149.258
50,5,1500,0,12.5,-8.3,5.382,-4.827,2.822,-4.458
63,5,1500,0,12.5,-8.8,4.742,-4.861,2.822,-5.158
80,5,1500,0,12.5,-8.3,3.982,-4.952,2.822,-5.158
100,5,1500,0,12.5,-8.7,0.222,-5.313,-5.618,-4.358
125,5,1500,0,12.5,-9.3,-0.598,-5.658,-5.618,-2.858
160,5,1500,0,12.5,-9.1,-1.568,-6.007,-5.618,-1.158
200,5,1500,0,12.5,-8.8,-2.448,-7.287,-7.768,0.242
250,5,1500,0,12.5,-8.5,-3.288,-7.727,-7.768,1.142
315,5,1500,0,12.5,-8.4,-4.098,-8.247,-7.768,1.142
400,5,1500,0,12.5,-8.3,-4.888,-7.35,-5.678,0.042
500,5,1500,0,12.5,-8.2,-5.618,-7.826,-5.678,-2.158
630,5,1500,0,12.5,-8.2,-6.408,-8.358,-5.678,-3.358
800,5,1500,0,12.5,-8.4,-7.358,-9.035,-6.238,-4.158
1000,5,1500,0,12.5,-9.3,-8.478,-10.058,-6.238,-5.358
1250,5,1500,0,12.5,-10.8,-10.008,-11.45,-6.238,-7.058
1600,5,1500,0,12.5,-13.2,-12.448,-13.639,-14.258,-9.558
2000,5,1500,0,12.5,-18.3,-15.798,-17.159,-14.258,-13.458
2500,5,1500,0,12.5,-26,-20.818,-22.729,-14.258,-19.458
3150,5,1500,0,12.5,-38.1,-28.818,-31.557,-45.518,-28.558
4000,5,1500,0,12.5,-57.4,-41.758,-45.529,-45.518,-42.058
5000,5,1500,0,12.5,-89.2,-60.518,-69.407,-45.518,-61.258
6300,5,1500,0,12.5,-134.5,-90.308,-102.937,-162.798,-86.658
8000,5,1500,0,12.5,-204.4,-137.668,-105.648,-162.798,-115.958
10000,5,1500,0,12.5,-310.4,-203.848,-105.667,-162.798,-140.558
50,5,1500,90,12.5,-8.3,5.332,-5.327,2.822,-5.658
63,5,1500,90,12.5,-8.9,4.722,-5.361,2.822,-6.458
80,5,1500,90,12.5,-8.3,4.032,-5.452,2.822,-6.858
100,5,1500,90,12.5,-8.7,0.352,-5.813,-5.618,-7.258
125,5,1500,90,12.5,-9.3,-0.358,-6.058,-5.618,-7.358
160,5,1500,90,12.5,-9.1,-1.138,-6.407,-5.618,-6.958
200,5,1500,90,12.5,-8.8,-1.798,-7.787,-7.768,-6.258
250,5,1500,90,12.5,-8.5,-2.388,-8.227,-7.768,-5.458
315,5,1500,90,12.5,-8.4,-2.908,-8.747,-7.768,-4.458
400,5,1500,90,12.5,-8.2,-3.358,-7.75,-5.678,-3.558
500,5,1500,90,12.5,-8.1,-3.748,-8.326,-5.678,-2.958
630,5,1500,90,12.5,-8.1,-4.148,-8.858,-5.678,-3.058
800,5,1500,90,12.5,-8.3,-4.598,-9.535,-6.238,-3.858
1000,5,1500,90,12.5,-9.2,-5.078,-10.558,-6.238,-5.158
1250,5,1500,90,12.5,-10.8,-5.688,-11.95,-6.238,-7.058
1600,5,1500,90,12.5,-13.2,-6.548,-14.139,-14.258,-9.558
2000,5,1500,90,12.5,-18.3,-7.658,-17.659,-14.258,-13.458
2500,5,1500,90,12.5,-26,-9.228,-23.229,-14.258,-19.458
3150,5,1500,90,12.5,-38,-11.628,-32.057,-45.518,-28.558
4000,5,1500,90,12.5,-57.4,-15.418,-45.929,-45.518,-42.058
5000,5,1500,90,12.5,-89.2,-20.818,-69.907,-45.518,-61.258
6300,5,1500,90,12.5,-134.5,-29.298,-103.137,-162.798,-86.658
8000,5,1500,90,12.5,-204.4,-42.698,-105.648,-162.798,-115.958
10000,5,1500,90,12.5,-310.4,-61.338,-105.667,-162.798,-140.558
50,5,1500,180,12.5,-8.3,12.362,-8.027,2.822,-5.258
63,5,1500,180,12.5,-9.2,11.452,-8.061,2.822,-5.258
80,5,1500,180,12.5,-8.5,10.232,-8.152,2.822,-5.758
100,5,1500,180,12.5,-8.7,5.892,-8.513,-5.618,-7.058
125,5,1500,180,12.5,-9.3,4.142,-8.858,-5.618,-8.158
160,5,1500,180,12.5,-8.8,1.812,-9.107,-5.618,-8.558
200,5,1500,180,12.5,-8.5,-0.698,-10.487,-7.768,-10.158
250,5,1500,180,12.5,-8.3,-3.508,-10.927,-7.768,-11.258
315,5,1500,180,12.5,-8.1,-6.538,-11.447,-7.768,-12.458
400,5,1500,180,12.5,-7.8,-9.878,-10.45,-5.678,-12.958
500,5,1500,180,12.5,-7.8,-13.158,-11.026,-5.678,-13.858
630,5,1500,180,12.5,-7.8,-16.888,-11.558,-5.678,-14.858
800,5,1500,180,12.5,-8.1,-21.638,-12.235,-6.238,-15.958
1000,5,1500,180,12.5,-9,-27.518,-13.258,-6.238,-17.358
1250,5,1500,180,12.5,-10.6,-36.048,-14.65,-6.238,-19.258
1600,5,1500,180,12.5,-13.1,-50.388,-16.839,-14.258,-22.158
2000,5,1500,180,12.5,-18.3,-70.598,-20.359,-14.258,-26.258
2500,5,1500,180,12.5,-26,-101.698,-25.929,-14.258,-32.458
3150,5,1500,180,12.5,-38,-151.988,-34.757,-45.518,-41.758
4000,5,1500,180,12.5,-57.4,-234.028,-48.629,-45.518,-55.358
5000,5,1500,180,12.5,-89.2,-353.648,-72.607,-45.518,-74.758
6300,5,1500,180,12.5,-134.4,-544.228,-104.137,-162.798,-100.258
8000,5,1500,180,12.5,-204.3,-847.958,-105.648,-162.798,-129.858
10000,5,1500,180,12.5,-310.4,-1272.998,-105.667,-162.798,-154.558
50,7,1500,0,12.5,-9.1,5.382,-4.827,2.822,-4.058
63,7,1500,0,12.5,-10.7,4.742,-4.861,2.822,-4.858
80,7,1500,0,12.5,-9.5,3.982,-4.952,2.822,-4.158
100,7,1500,0,12.5,-9.3,0.222,-5.313,-5.618,-3.458
125,7,1500,0,12.5,-8.6,-0.598,-5.658,-5.618,-1.858
160,7,1500,0,12.5,-7.8,-1.568,-6.007,-5.618,-0.158
200,7,1500,0,12.5,-7.6,-2.448,-7.287,-7.768,1.142
250,7,1500,0,12.5,-7.2,-3.288,-7.727,-7.768,1.642
315,7,1500,0,12.5,-6.9,-4.098,-8.247,-7.768,1.042
400,7,1500,0,12.5,-6.7,-4.888,-7.35,-5.678,-1.158
500,7,1500,0,12.5,-6.8,-5.618,-7.826,-5.678,-3.658
630,7,1500,0,12.5,-6.9,-6.408,-8.358,-5.678,-3.358
800,7,1500,0,12.5,-7.3,-7.358,-9.035,-6.238,-4.158
1000,7,1500,0,12.5,-8.3,-8.478,-10.058,-6.238,-5.358
1250,7,1500,0,12.5,-9.9,-10.008,-11.45,-6.238,-7.058
1600,7,1500,0,12.5,-12.5,-12.448,-13.639,-14.258,-9.558
2000,7,1500,0,12.5,-17.6,-15.798,-17.159,-14.258,-13.458
2500,7,1500,0,12.5,-25,-20.818,-22.729,-14.258,-19.458
3150,7,1500,0,12.5,-36.7,-28.818,-31.557,-45.518,-28.558
4000,7,1500,0,12.5,-55.7,-41.758,-45.529,-45.518,-42.058
5000,7,1500,0,12.5,-86.6,-60.518,-69.407,-45.518,-61.258
6300,7,1500,0,12.5,-130.8,-90.308,-102.937,-162.798,-86.658
8000,7,1500,0,12.5,-199.5,-137.668,-105.648,-162.798,-115.958
10000,7,1500,0,12.5,-304.4,-203.848,-105.667,-162.798,-140.558
50,7,1500,90,12.5,-9.2,5.342,-5.327,2.822,-5.658
63,7,1500,90,12.5,-10.8,4.732,-5.361,2.822,-6.458
80,7,1500,90,12.5,-9.6,4.042,-5.452,2.822,-6.858
100,7,1500,90,12.5,-9.2,0.362,-5.813,-5.618,-7.358
125,7,1500,90,12.5,-8.5,-0.328,-6.058,-5.618,-7.458
160,7,1500,90,12.5,-7.8,-1.098,-6.407,-5.618,-6.958
200,7,1500,90,12.5,-7.5,-1.748,-7.787,-7.768,-6.258
250,7,1500,90,12.5,-7.2,-2.318,-8.227,-7.768,-5.558
315,7,1500,90,12.5,-6.9,-2.808,-8.747,-7.768,-4.558
400,7,1500,90,12.5,-6.7,-3.238,-7.75,-5.678,-3.658
500,7,1500,90,12.5,-6.7,-3.608,-8.326,-5.678,-3.058
630,7,1500,90,12.5,-6.9,-3.978,-8.858,-5.678,-3.058
800,7,1500,90,12.5,-7.2,-4.398,-9.535,-6.238,-3.858
1000,7,1500,90,12.5,-8.3,-4.838,-10.558,-6.238,-5.158
1250,7,1500,90,12.5,-9.9,-5.378,-11.95,-6.238,-7.058
1600,7,1500,90,12.5,-12.4,-6.128,-14.139,-14.258,-9.558
2000,7,1500,90,12.5,-17.6,-7.088,-17.659,-14.258,-13.458
2500,7,1500,90,12.5,-25,-8.408,-23.229,-14.258,-19.458
3150,7,1500,90,12.5,-36.7,-10.418,-32.057,-45.518,-28.558
4000,7,1500,90,12.5,-55.6,-13.568,-45.929,-45.518,-42.058
5000,7,1500,90,12.5,-86.6,-18.028,-69.907,-45.518,-61.258
6300,7,1500,90,12.5,-130.8,-25.028,-103.137,-162.798,-86.658
8000,7,1500,90,12.5,-199.5,-36.048,-105.648,-162.798,-115.958
10000,7,1500,90,12.5,-304.3,-51.358,-105.667,-162.798,-140.558
50,7,1500,180,12.5,-9.8,12.262,-8.027,2.822,-7.058
63,7,1500,180,12.5,-12.2,11.312,-8.061,2.822,-6.758
80,7,1500,180,12.5,-10.6,10.022,-8.152,2.822,-6.658
100,7,1500,180,12.5,-9.2,5.572,-8.513,-5.618,-6.958
125,7,1500,180,12.5,-8.1,3.662,-8.858,-5.618,-7.758
160,7,1500,180,12.5,-7.3,1.092,-9.107,-5.618,-9.258
200,7,1500,180,12.5,-6.9,-1.708,-10.487,-7.768,-10.458
250,7,1500,180,12.5,-6.6,-4.868,-10.927,-7.768,-11.058
315,7,1500,180,12.5,-6.4,-8.288,-11.447,-7.768,-12.658
400,7,1500,180,12.5,-6.2,-12.068,-10.45,-5.678,-13.658
500,7,1500,180,12.5,-6.3,-15.788,-11.026,-5.678,-14.758
630,7,1500,180,12.5,-6.5,-20.038,-11.558,-5.678,-16.458
800,7,1500,180,12.5,-6.9,-25.448,-12.235,-6.238,-18.458
1000,7,1500,180,12.5,-7.9,-32.178,-13.258,-6.238,-20.758
1250,7,1500,180,12.5,-9.6,-41.928,-14.65,-6.238,-22.958
1600,7,1500,180,12.5,-12.2,-58.348,-16.839,-14.258,-25.658
2000,7,1500,180,12.5,-17.3,-81.518,-20.359,-14.258,-29.758
2500,7,1500,180,12.5,-24.8,-117.198,-25.929,-14.258,-35.958
3150,7,1500,180,12.5,-36.5,-174.898,-34.757,-45.518,-45.158
4000,7,1500,180,12.5,-55.4,-269.048,-48.629,-45.518,-58.658
5000,7,1500,180,12.5,-86.3,-406.348,-72.607,-45.518,-77.958
6300,7,1500,180,12.5,-130.6,-625.128,-104.137,-162.798,-103.458
8000,7,1500,180,12.5,-199.3,-973.808,-105.648,-162.798,-132.758
10000,7,1500,180,12.5,-304.1,-1461.758,-105.667,-162.798,-157.358
50,9,1500,0,12.5,-11,5.382,-4.827,2.822,-3.858
63,9,1500,0,12.5,-12.3,4.742,-4.861,2.822,-4.658
80,9,1500,0,12.5,-11.5,3.982,-4.952,2.822,-3.658
100,9,1500,0,12.5,-9.6,0.222,-5.313,-5.618,-2.858
125,9,1500,0,12.5,-8.2,-0.598,-5.658,-5.618,-1.158
160,9,1500,0,12.5,-6.8,-1.568,-6.007,-5.618,0.542
200,9,1500,0,12.5,-6.3,-2.448,-7.287,-7.768,1.542
250,9,1500,0,12.5,-5.8,-3.288,-7.727,-7.768,1.642
315,9,1500,0,12.5,-5.5,-4.098,-8.247,-7.768,0.142
400,9,1500,0,12.5,-5.3,-4.888,-7.35,-5.678,-2.858
500,9,1500,0,12.5,-5.5,-5.618,-7.826,-5.678,-3.458
630,9,1500,0,12.5,-5.8,-6.408,-8.358,-5.678,-3.058
800,9,1500,0,12.5,-6.2,-7.358,-9.035,-6.238,-4.158
1000,9,1500,0,12.5,-7.3,-8.478,-10.058,-6.238,-5.358
1250,9,1500,0,12.5,-9,-10.008,-11.45,-6.238,-7.058
1600,9,1500,0,12.5,-11.5,-12.448,-13.639,-14.258,-9.558
2000,9,1500,0,12.5,-16.6,-15.798,-17.159,-14.258,-13.458
2500,9,1500,0,12.5,-23.8,-20.818,-22.729,-14.258,-19.458
3150,9,1500,0,12.5,-35.2,-28.818,-31.557,-45.518,-28.558
4000,9,1500,0,12.5,-53.7,-41.758,-45.529,-45.518,-42.058
5000,9,1500,0,12.5,-83.9,-60.518,-69.407,-45.518,-61.258
6300,9,1500,0,12.5,-127.3,-90.308,-102.937,-162.798,-86.658
8000,9,1500,0,12.5,-195,-137.668,-105.648,-162.798,-115.958
10000,9,1500,0,12.5,-298.8,-203.848,-105.667,-162.798,-140.558
50,9,1500,90,12.5,-11,5.342,-5.327,2.822,-5.558
63,9,1500,90,12.5,-12.3,4.732,-5.361,2.822,-6.458
80,9,1500,90,12.5,-11.6,4.042,-5.452,2.822,-6.858
100,9,1500,90,12.5,-9.7,0.372,-5.813,-5.618,-7.358
125,9,1500,90,12.5,-8.2,-0.318,-6.058,-5.618,-7.458
160,9,1500,90,12.5,-6.8,-1.078,-6.407,-5.618,-6.958
200,9,1500,90,12.5,-6.3,-1.718,-7.787,-7.768,-6.358
250,9,1500,90,12.5,-5.8,-2.278,-8.227,-7.768,-5.558
315,9,1500,90,12.5,-5.5,-2.758,-8.747,-7.768,-4.658
400,9,1500,90,12.5,-5.3,-3.178,-7.75,-5.678,-3.758
500,9,1500,90,12.5,-5.5,-3.528,-8.326,-5.678,-3.058
630,9,1500,90,12.5,-5.7,-3.888,-8.858,-5.678,-3.058
800,9,1500,90,12.5,-6.2,-4.288,-9.535,-6.238,-3.858
1000,9,1500,90,12.5,-7.2,-4.698,-10.558,-6.238,-5.158
1250,9,1500,90,12.5,-8.9,-5.208,-11.95,-6.238,-7.058
1600,9,1500,90,12.5,-11.5,-5.908,-14.139,-14.258,-9.558
2000,9,1500,90,12.5,-16.5,-6.778,-17.659,-14.258,-13.458
2500,9,1500,90,12.5,-23.8,-7.968,-23.229,-14.258,-19.458
3150,9,1500,90,12.5,-35.2,-9.758,-32.057,-45.518,-28.558
4000,9,1500,90,12.5,-53.7,-12.568,-45.929,-45.518,-42.058
5000,9,1500,90,12.5,-83.9,-16.528,-69.907,-45.518,-61.258
6300,9,1500,90,12.5,-127.3,-22.718,-103.137,-162.798,-86.658
8000,9,1500,90,12.5,-195,-32.458,-105.648,-162.798,-115.958
10000,9,1500,90,12.5,-298.8,-45.978,-105.667,-162.798,-140.558
50,9,1500,180,12.5,-11.5,19.622,-8.027,2.822,-8.658
63,9,1500,180,12.5,-11.2,18.592,-8.061,2.822,-9.458
80,9,1500,180,12.5,-11,17.172,-8.152,2.822,-9.958
100,9,1500,180,12.5,-10.3,12.562,-8.513,-5.618,-10.358
125,9,1500,180,12.5,-8.7,10.412,-8.858,-5.618,-10.758
160,9,1500,180,12.5,-6.9,7.462,-9.107,-5.618,-11.258
200,9,1500,180,12.5,-6.4,4.222,-10.487,-7.768,-12.158
250,9,1500,180,12.5,-6,0.532,-10.927,-7.768,-14.558
315,9,1500,180,12.5,-5.6,-3.488,-11.447,-7.768,-17.458
400,9,1500,180,12.5,-5.2,-7.968,-10.45,-5.678,-21.158
500,9,1500,180,12.5,-5.1,-12.388,-11.026,-5.678,-24.058
630,9,1500,180,12.5,-5.3,-17.428,-11.558,-5.678,-27.258
800,9,1500,180,12.5,-6,-23.868,-12.235,-6.238,-31.958
1000,9,1500,180,12.5,-7,-31.888,-13.258,-6.238,-36.758
1250,9,1500,180,12.5,-8.7,-43.548,-14.65,-6.238,-41.758
1600,9,1500,180,12.5,-11.2,-63.198,-16.839,-14.258,-45.758
2000,9,1500,180,12.5,-16,-90.948,-20.359,-14.258,-51.058
2500,9,1500,180,12.5,-23.2,-133.718,-25.929,-14.258,-58.458
3150,9,1500,180,12.5,-34.6,-202.908,-34.757,-45.518,-68.858
4000,9,1500,180,12.5,-53.2,-315.838,-48.629,-45.518,-83.658
5000,9,1500,180,12.5,-83.5,-480.548,-72.607,-45.518,-104.058
6300,9,1500,180,12.5,-127.1,-743.028,-104.137,-162.798,-130.658
8000,9,1500,180,12.5,-194.8,-1161.368,-105.648,-162.798,-161.058
10000,9,1500,180,12.5,-298.6,-1746.838,-105.667,-162.798,-186.658
50,3,500,0,2000,0.4,3.32,2.972,2.91,2.94
63,3,500,0,2000,0.4,3.3,2.837,2.91,3.94
80,3,500,0,2000,0.4,3.27,2.847,2.91,3.94
100,3,500,0,2000,0.4,2.34,1.085,0.94,6.74
125,3,500,0,2000,0.3,2.28,0.94,0.94,4.74
160,3,500,0,2000,0.3,2.2,0.792,0.94,5.04
200,3,500,0,2000,-2.5,2.1,-0.189,-0.35,3.44
250,3,500,0,2000,-2.9,1.98,-0.329,-0.35,1.04
315,3,500,0,2000,-2.7,1.84,-0.548,-0.35,-2.46
400,3,500,0,2000,-2.4,1.68,0.349,0.2,0.94
500,3,500,0,2000,-2.4,1.53,0.173,0.2,4.24
630,3,500,0,2000,-2.3,1.35,-0.059,0.2,5.14
800,3,500,0,2000,-2.2,1.11,0.264,-0.09,3.54
1000,3,500,0,2000,-2.2,0.82,-0.16,-0.09,2.74
1250,3,500,0,2000,-7.5,0.39,-0.651,-0.09,2.44
1600,3,500,0,2000,-13,-0.34,-1.541,-2.89,1.34
2000,3,500,0,2000,-10.1,-1.37,-2.96,-2.89,-0.16
2500,3,500,0,2000,-9.3,-2.97,-5.031,-2.89,-2.56
3150,3,500,0,2000,-9.2,-5.56,-8.459,-13.77,-6.16
4000,3,500,0,2000,-9.5,-9.8,-13.83,-13.77,-11.56
5000,3,500,0,2000,-13,-15.99,-22.209,-13.77,-19.76
6300,3,500,0,2000,-18,-25.85,-35.039,-54.59,-31.66
8000,3,500,0,2000,-25.8,-41.57,-54.749,-54.59,-48.46
10000,3,500,0,2000,-38.1,-63.58,-84.268,-54.59,-70.76
50,3,500,90,2000,0.4,3.3,2.972,2.91,2.64
63,3,500,90,2000,0.4,3.3,2.837,2.91,4.54
80,3,500,90,2000,0.4,3.29,2.847,2.91,6.14
100,3,500,90,2000,0.4,2.38,1.085,0.94,6.94
125,3,500,90,2000,0.3,2.36,0.94,0.94,5.44
160,3,500,90,2000,0.3,2.34,0.792,0.94,4.44
200,3,500,90,2000,-2.5,2.31,-0.189,-0.35,3.54
250,3,500,90,2000,-2.8,2.27,-0.329,-0.35,1.04
315,3,500,90,2000,-2.7,2.23,-0.548,-0.35,-1.46
400,3,500,90,2000,-2.4,2.18,0.349,0.2,-0.76
500,3,500,90,2000,-2.4,2.14,0.173,0.2,2.54
630,3,500,90,2000,-2.3,2.09,-0.059,0.2,4.54
800,3,500,90,2000,-2.2,2.02,0.264,-0.09,4.44
1000,3,500,90,2000,-2.2,1.93,-0.16,-0.09,3.04
1250,3,500,90,2000,-7.5,1.81,-0.651,-0.09,2.44
1600,3,500,90,2000,-12.6,1.59,-1.541,-2.89,1.34
2000,3,500,90,2000,-10.2,1.29,-2.96,-2.89,-0.16
2500,3,500,90,2000,-9.4,0.82,-5.031,-2.89,-2.56
3150,3,500,90,2000,-9.3,0.05,-8.459,-13.77,-6.16
4000,3,500,90,2000,-9.5,-1.19,-13.83,-13.77,-11.56
5000,3,500,90,2000,-13.1,-3.01,-22.209,-13.77,-19.76
6300,3,500,90,2000,-18.1,-5.91,-35.039,-54.59,-31.66
8000,3,500,90,2000,-25.9,-10.54,-54.749,-54.59,-48.46
10000,3,500,90,2000,-38.2,-17.01,-84.268,-54.59,-70.76
50,3,500,180,2000,0.4,3.54,2.972,2.91,1.54
63,3,500,180,2000,0.4,3.49,2.837,2.91,2.94
80,3,500,180,2000,0.4,3.4,2.847,2.91,4.54
100,3,500,180,2000,0.4,2.38,1.085,0.94,5.64
125,3,500,180,2000,0.3,2.19,0.94,0.94,5.14
160,3,500,180,2000,0.3,1.91,0.792,0.94,3.54
200,3,500,180,2000,-2.5,1.57,-0.189,-0.35,3.24
250,3,500,180,2000,-2.7,1.17,-0.329,-0.35,1.14
315,3,500,180,2000,-2.8,0.72,-0.548,-0.35,-0.76
400,3,500,180,2000,-2.5,0.2,0.349,0.2,-0.46
500,3,500,180,2000,-2.4,-0.32,0.173,0.2,1.34
630,3,500,180,2000,-2.3,-0.92,-0.059,0.2,3.54
800,3,500,180,2000,-2.2,-1.7,0.264,-0.09,4.24
1000,3,500,180,2000,-2.3,-2.67,-0.16,-0.09,3.24
1250,3,500,180,2000,-7.3,-4.1,-0.651,-0.09,2.44
1600,3,500,180,2000,-10.5,-6.54,-1.541,-2.89,1.34
2000,3,500,180,2000,-11.6,-9.98,-2.96,-2.89,-0.16
2500,3,500,180,2000,-10,-15.32,-5.031,-2.89,-2.56
3150,3,500,180,2000,-9.7,-23.96,-8.459,-13.77,-6.16
4000,3,500,180,2000,-9.9,-38.09,-13.83,-13.77,-11.56
5000,3,500,180,2000,-13.5,-58.71,-22.209,-13.77,-19.76
6300,3,500,180,2000,-18.5,-91.58,-35.039,-54.59,-31.66
8000,3,500,180,2000,-26.3,-143.99,-54.749,-54.59,-48.46
10000,3,500,180,2000,-38.5,-217.36,-84.268,-54.59,-70.76
50,5,500,0,2000,0.4,3.32,2.972,2.91,-0.66
63,5,500,0,2000,0.4,3.3,2.837,2.91,5.64
80,5,500,0,2000,0.4,3.27,2.847,2.91,7.94
100,5,500,0,2000,0.3,2.34,1.085,0.94,6.74
125,5,500,0,2000,0.3,2.28,0.94,0.94,4.44
160,5,500,0,2000,0.3,2.2,0.792,0.94,5.34
200,5,500,0,2000,0.2,2.1,-0.189,-0.35,3.34
250,5,500,0,2000,0.2,1.98,-0.329,-0.35,0.04
315,5,500,0,2000,0.1,1.84,-0.548,-0.35,-2.76
400,5,500,0,2000,0,1.68,0.349,0.2,2.44
500,5,500,0,2000,-0.1,1.53,0.173,0.2,5.04
630,5,500,0,2000,-0.1,1.35,-0.059,0.2,4.84
800,5,500,0,2000,-0.3,1.11,0.264,-0.09,2.54
1000,5,500,0,2000,-0.5,0.82,-0.16,-0.09,2.94
1250,5,500,0,2000,-0.7,0.39,-0.651,-0.09,2.44
1600,5,500,0,2000,-1.1,-0.34,-1.541,-2.89,1.34
2000,5,500,0,2000,-1.8,-1.37,-2.96,-2.89,-0.16
2500,5,500,0,2000,-2.7,-2.97,-5.031,-2.89,-2.56
3150,5,500,0,2000,-3.8,-5.56,-8.459,-13.77,-6.16
4000,5,500,0,2000,-5.7,-9.8,-13.83,-13.77,-11.56
5000,5,500,0,2000,-9.2,-15.99,-22.209,-13.77,-19.76
6300,5,500,0,2000,-14.3,-25.85,-35.039,-54.59,-31.66
8000,5,500,0,2000,-22.4,-41.57,-54.749,-54.59,-48.46
10000,5,500,0,2000,-34.9,-63.58,-84.268,-54.59,-70.76
50,5,500,90,2000,0.4,3.3,2.972,2.91,2.64
63,5,500,90,2000,0.4,3.3,2.837,2.91,4.54
80,5,500,90,2000,0.4,3.29,2.847,2.91,6.14
100,5,500,90,2000,0.3,2.38,1.085,0.94,6.94
125,5,500,90,2000,0.3,2.36,0.94,0.94,5.44
160,5,500,90,2000,0.3,2.34,0.792,0.94,4.44
200,5,500,90,2000,0.2,2.31,-0.189,-0.35,3.54
250,5,500,90,2000,0.2,2.28,-0.329,-0.35,1.04
315,5,500,90,2000,0.1,2.24,-0.548,-0.35,-1.46
400,5,500,90,2000,0,2.2,0.349,0.2,-0.76
500,5,500,90,2000,-0.1,2.15,0.173,0.2,2.54
630,5,500,90,2000,-0.1,2.1,-0.059,0.2,4.54
800,5,500,90,2000,-0.3,2.04,0.264,-0.09,4.44
1000,5,500,90,2000,-0.5,1.96,-0.16,-0.09,3.04
1250,5,500,90,2000,-0.7,1.84,-0.651,-0.09,2.44
1600,5,500,90,2000,-1.1,1.64,-1.541,-2.89,1.34
2000,5,500,90,2000,-1.8,1.35,-2.96,-2.89,-0.16
2500,5,500,90,2000,-2.7,0.9,-5.031,-2.89,-2.56
3150,5,500,90,2000,-3.8,0.18,-8.459,-13.77,-6.16
4000,5,500,90,2000,-5.7,-0.99,-13.83,-13.77,-11.56
5000,5,500,90,2000,-9.2,-2.71,-22.209,-13.77,-19.76
6300,5,500,90,2000,-14.3,-5.45,-35.039,-54.59,-31.66
8000,5,500,90,2000,-22.4,-9.82,-54.749,-54.59,-48.46
10000,5,500,90,2000,-34.9,-15.93,-84.268,-54.59,-70.76
50,5,500,180,2000,0.4,5.65,2.972,2.91,1.34
63,5,500,180,2000,0.4,5.55,2.837,2.91,1.84
80,5,500,180,2000,0.4,5.36,2.847,2.91,3.34
100,5,500,180,2000,0.3,4.23,1.085,0.94,4.74
125,5,500,180,2000,0.3,3.87,0.94,0.94,4.74
160,5,500,180,2000,0.3,3.33,0.792,0.94,3.24
200,5,500,180,2000,0.2,2.68,-0.189,-0.35,2.94
250,5,500,180,2000,0.2,1.9,-0.329,-0.35,1.34
315,5,500,180,2000,0.1,1.02,-0.548,-0.35,0.24
400,5,500,180,2000,0,0.02,0.349,0.2,0.44
500,5,500,180,2000,-0.1,-0.99,0.173,0.2,1.14
630,5,500,180,2000,-0.1,-2.16,-0.059,0.2,3.04
800,5,500,180,2000,-0.3,-3.66,0.264,-0.09,3.94
1000,5,500,180,2000,-0.5,-5.55,-0.16,-0.09,3.24
1250,5,500,180,2000,-0.7,-8.31,-0.651,-0.09,2.44
1600,5,500,180,2000,-1.1,-13.02,-1.541,-2.89,1.34
2000,5,500,180,2000,-1.8,-19.69,-2.96,-2.89,-0.16
2500,5,500,180,2000,-2.7,-30.01,-5.031,-2.89,-2.56
3150,5,500,180,2000,-3.9,-46.75,-8.459,-13.77,-6.16
4000,5,500,180,2000,-5.8,-74.09,-13.83,-13.77,-11.56
5000,5,500,180,2000,-9.2,-114,-22.209,-13.77,-19.76
6300,5,500,180,2000,-14.3,-177.62,-35.039,-54.59,-31.66
8000,5,500,180,2000,-22.4,-279.07,-54.749,-54.59,-48.46
10000,5,500,180,2000,-34.9,-421.06,-84.268,-54.59,-70.76
50,7,500,0,2000,0.4,3.32,2.972,2.91,4.54
63,7,500,0,2000,0.4,3.3,2.837,2.91,7.94
80,7,500,0,2000,0.4,3.27,2.847,2.91,8.04
100,7,500,0,2000,0.3,2.34,1.085,0.94,5.24
125,7,500,0,2000,0.3,2.28,0.94,0.94,4.64
160,7,500,0,2000,0.3,2.2,0.792,0.94,5.44
200,7,500,0,2000,0.2,2.1,-0.189,-0.35,3.24
250,7,500,0,2000,0.2,1.98,-0.329,-0.35,-1.16
315,7,500,0,2000,0.1,1.84,-0.548,-0.35,-1.76
400,7,500,0,2000,0,1.68,0.349,0.2,3.64
500,7,500,0,2000,-0.1,1.53,0.173,0.2,5.34
630,7,500,0,2000,-0.2,1.35,-0.059,0.2,4.14
800,7,500,0,2000,-0.3,1.11,0.264,-0.09,1.84
1000,7,500,0,2000,-0.5,0.82,-0.16,-0.09,3.04
1250,7,500,0,2000,-0.7,0.39,-0.651,-0.09,2.24
1600,7,500,0,2000,-1.1,-0.34,-1.541,-2.89,1.34
2000,7,500,0,2000,-1.7,-1.37,-2.96,-2.89,-0.16
2500,7,500,0,2000,-2.7,-2.97,-5.031,-2.89,-2.56
3150,7,500,0,2000,-3.7,-5.56,-8.459,-13.77,-6.16
4000,7,500,0,2000,-5.5,-9.8,-13.83,-13.77,-11.56
5000,7,500,0,2000,-8.9,-15.99,-22.209,-13.77,-19.76
6300,7,500,0,2000,-13.9,-25.85,-35.039,-54.59,-31.66
8000,7,500,0,2000,-21.8,-41.57,-54.749,-54.59,-48.46
10000,7,500,0,2000,-34.2,-63.58,-84.268,-54.59,-70.76
50,7,500,90,2000,0.4,3.3,2.972,2.91,2.64
63,7,500,90,2000,0.4,3.3,2.837,2.91,4.54
80,7,500,90,2000,0.4,3.29,2.847,2.91,6.14
100,7,500,90,2000,0.3,2.38,1.085,0.94,6.94
125,7,500,90,2000,0.3,2.37,0.94,0.94,5.44
160,7,500,90,2000,0.3,2.35,0.792,0.94,4.44
200,7,500,90,2000,0.2,2.33,-0.189,-0.35,3.54
250,7,500,90,2000,0.2,2.3,-0.329,-0.35,1.04
315,7,500,90,2000,0.1,2.27,-0.548,-0.35,-1.46
400,7,500,90,2000,0,2.24,0.349,0.2,-0.76
500,7,500,90,2000,-0.1,2.2,0.173,0.2,2.44
630,7,500,90,2000,-0.2,2.16,-0.059,0.2,4.54
800,7,500,90,2000,-0.3,2.11,0.264,-0.09,4.44
1000,7,500,90,2000,-0.5,2.04,-0.16,-0.09,3.04
1250,7,500,90,2000,-0.7,1.94,-0.651,-0.09,2.44
1600,7,500,90,2000,-1.1,1.78,-1.541,-2.89,1.34
2000,7,500,90,2000,-1.7,1.54,-2.96,-2.89,-0.16
2500,7,500,90,2000,-2.7,1.18,-5.031,-2.89,-2.56
3150,7,500,90,2000,-3.7,0.59,-8.459,-13.77,-6.16
4000,7,500,90,2000,-5.5,-0.37,-13.83,-13.77,-11.56
5000,7,500,90,2000,-8.9,-1.78,-22.209,-13.77,-19.76
6300,7,500,90,2000,-13.9,-4.02,-35.039,-54.59,-31.66
8000,7,500,90,2000,-21.8,-7.6,-54.749,-54.59,-48.46
10000,7,500,90,2000,-34.2,-12.6,-84.268,-54.59,-70.76
50,7,500,180,2000,0.4,5.62,2.972,2.91,1.64
63,7,500,180,2000,0.4,5.5,2.837,2.91,1.24
80,7,500,180,2000,0.4,5.29,2.847,2.91,2.24
100,7,500,180,2000,0.3,4.12,1.085,0.94,3.84
125,7,500,180,2000,0.3,3.71,0.94,0.94,4.14
160,7,500,180,2000,0.3,3.08,0.792,0.94,3.14
200,7,500,180,2000,0.2,2.34,-0.189,-0.35,2.64
250,7,500,180,2000,0.2,1.45,-0.329,-0.35,1.44
315,7,500,180,2000,0.1,0.44,-0.548,-0.35,0.94
400,7,500,180,2000,0,-0.72,0.349,0.2,1.24
500,7,500,180,2000,-0.1,-1.87,0.173,0.2,1.24
630,7,500,180,2000,-0.2,-3.21,-0.059,0.2,2.24
800,7,500,180,2000,-0.3,-4.93,0.264,-0.09,3.04
1000,7,500,180,2000,-0.5,-7.1,-0.16,-0.09,2.94
1250,7,500,180,2000,-0.7,-10.28,-0.651,-0.09,2.34
1600,7,500,180,2000,-1.1,-15.68,-1.541,-2.89,1.34
2000,7,500,180,2000,-1.7,-23.35,-2.96,-2.89,-0.16
2500,7,500,180,2000,-2.7,-35.19,-5.031,-2.89,-2.56
3150,7,500,180,2000,-3.7,-54.41,-8.459,-13.77,-6.16
4000,7,500,180,2000,-5.6,-85.8,-13.83,-13.77,-11.56
5000,7,500,180,2000,-8.9,-131.62,-22.209,-13.77,-19.76
6300,7,500,180,2000,-13.9,-204.67,-35.039,-54.59,-31.66
8000,7,500,180,2000,-21.8,-321.14,-54.749,-54.59,-48.46
10000,7,500,180,2000,-34.2,-484.18,-84.268,-54.59,-70.76
50,9,500,0,2000,0.4,3.32,2.972,2.91,6.84
63,9,500,0,2000,0.4,3.3,2.837,2.91,8.24
80,9,500,0,2000,0.4,3.27,2.847,2.91,6.54
100,9,500,0,2000,0.3,2.34,1.085,0.94,4.64
125,9,500,0,2000,0.3,2.28,0.94,0.94,5.34
160,9,500,0,2000,0.3,2.2,0.792,0.94,5.24
200,9,500,0,2000,0.2,2.1,-0.189,-0.35,3.24
250,9,500,0,2000,0.1,1.98,-0.329,-0.35,-1.86
315,9,500,0,2000,0.1,1.84,-0.548,-0.35,-0.56
400,9,500,0,2000,0,1.68,0.349,0.2,4.54
500,9,500,0,2000,-0.1,1.53,0.173,0.2,5.34
630,9,500,0,2000,-0.2,1.35,-0.059,0.2,2.94
800,9,500,0,2000,-0.3,1.11,0.264,-0.09,1.94
1000,9,500,0,2000,-0.5,0.82,-0.16,-0.09,2.94
1250,9,500,0,2000,-0.7,0.39,-0.651,-0.09,1.94
1600,9,500,0,2000,-1.1,-0.34,-1.541,-2.89,1.04
2000,9,500,0,2000,-1.7,-1.37,-2.96,-2.89,-0.36
2500,9,500,0,2000,-2.6,-2.97,-5.031,-2.89,-2.66
3150,9,500,0,2000,-3.6,-5.56,-8.459,-13.77,-6.16
4000,9,500,0,2000,-5.4,-9.8,-13.83,-13.77,-11.56
5000,9,500,0,2000,-8.6,-15.99,-22.209,-13.77,-19.76
6300,9,500,0,2000,-13.5,-25.85,-35.039,-54.59,-31.66
8000,9,500,0,2000,-21.3,-41.57,-54.749,-54.59,-48.46
10000,9,500,0,2000,-33.5,-63.58,-84.268,-54.59,-70.76
50,9,500,90,2000,0.4,3.3,2.972,2.91,2.64
63,9,500,90,2000,0.4,3.3,2.837,2.91,4.54
80,9,500,90,2000,0.4,3.29,2.847,2.91,6.14
100,9,500,90,2000,0.3,2.39,1.085,0.94,6.94
125,9,500,90,2000,0.3,2.38,0.94,0.94,5.44
160,9,500,90,2000,0.3,2.36,0.792,0.94,4.44
200,9,500,90,2000,0.2,2.34,-0.189,-0.35,3.54
250,9,500,90,2000,0.1,2.32,-0.329,-0.35,1.04
315,9,500,90,2000,0.1,2.29,-0.548,-0.35,-1.46
400,9,500,90,2000,0,2.26,0.349,0.2,-0.76
500,9,500,90,2000,-0.1,2.23,0.173,0.2,2.44
630,9,500,90,2000,-0.2,2.19,-0.059,0.2,4.54
800,9,500,90,2000,-0.3,2.14,0.264,-0.09,4.44
1000,9,500,90,2000,-0.5,2.08,-0.16,-0.09,3.04
1250,9,500,90,2000,-0.7,2,-0.651,-0.09,2.44
1600,9,500,90,2000,-1.1,1.85,-1.541,-2.89,1.34
2000,9,500,90,2000,-1.7,1.65,-2.96,-2.89,-0.16
2500,9,500,90,2000,-2.6,1.33,-5.031,-2.89,-2.56
3150,9,500,90,2000,-3.6,0.81,-8.459,-13.77,-6.16
4000,9,500,90,2000,-5.4,-0.04,-13.83,-13.77,-11.56
5000,9,500,90,2000,-8.6,-1.28,-22.209,-13.77,-19.76
6300,9,500,90,2000,-13.5,-3.25,-35.039,-54.59,-31.66
8000,9,500,90,2000,-21.3,-6.39,-54.749,-54.59,-48.46
10000,9,500,90,2000,-33.5,-10.8,-84.268,-54.59,-70.76
50,9,500,180,2000,0.4,8.08,2.972,2.91,2.24
63,9,500,180,2000,0.4,7.93,2.837,2.91,1.24
80,9,500,180,2000,0.4,7.68,2.847,2.91,1.64
100,9,500,180,2000,0.3,6.46,1.085,0.94,2.84
125,9,500,180,2000,0.3,5.96,0.94,0.94,3.44
160,9,500,180,2000,0.3,5.22,0.792,0.94,2.94
200,9,500,180,2000,0.2,4.33,-0.189,-0.35,2.34
250,9,500,180,2000,0.1,3.26,-0.329,-0.35,1.54
315,9,500,180,2000,0.1,2.04,-0.548,-0.35,1.34
400,9,500,180,2000,0,0.65,0.349,0.2,1.74
500,9,500,180,2000,-0.1,-0.73,0.173,0.2,1.54
630,9,500,180,2000,-0.2,-2.34,-0.059,0.2,1.84
800,9,500,180,2000,-0.3,-4.41,0.264,-0.09,2.24
1000,9,500,180,2000,-0.5,-7.01,-0.16,-0.09,2.04
1250,9,500,180,2000,-0.7,-10.82,-0.651,-0.09,1.54
1600,9,500,180,2000,-1.1,-17.31,-1.541,-2.89,0.64
2000,9,500,180,2000,-1.7,-26.5,-2.96,-2.89,-0.76
2500,9,500,180,2000,-2.6,-40.72,-5.031,-2.89,-3.06
3150,9,500,180,2000,-3.6,-63.78,-8.459,-13.77,-6.46
4000,9,500,180,2000,-5.4,-101.44,-13.83,-13.77,-11.76
5000,9,500,180,2000,-8.7,-156.43,-22.209,-13.77,-19.76
6300,9,500,180,2000,-13.5,-244.09,-35.039,-54.59,-31.66
8000,9,500,180,2000,-21.4,-383.86,-54.749,-54.59,-48.46
10000,9,500,180,2000,-33.6,-579.5,-84.268,-54.59,-70.76
50,3,1000,0,2000,-3.1,3.045,2.937,2.875,6.205
63,3,1000,0,2000,-3.4,3.005,2.903,2.875,4.205
80,3,1000,0,2000,-3,2.955,2.812,2.875,-0.895
100,3,1000,0,2000,-2.6,1.985,0.45,0.235,-5.995
125,3,1000,0,2000,-2.2,1.865,0.206,0.235,-4.995
160,3,1000,0,2000,-1.7,1.705,-0.043,0.235,2.805
200,3,1000,0,2000,-1.6,1.505,-0.623,-0.905,7.005
250,3,1000,0,2000,-1.1,1.265,-0.864,-0.905,5.205
315,3,1000,0,2000,-1.4,0.985,-1.283,-0.905,0.805
400,3,1000,0,2000,-2.1,0.675,-0.486,-0.905,3.305
500,3,1000,0,2000,-2.4,0.365,-0.862,-0.905,2.405
630,3,1000,0,2000,-2.6,0.005,-1.394,-0.905,1.105
800,3,1000,0,2000,-2.8,-0.465,-1.271,-2.055,-1.495
1000,3,1000,0,2000,-3.2,-1.045,-2.095,-2.055,-1.995
1250,3,1000,0,2000,-3.8,-1.905,-3.186,-2.055,-3.995
1600,3,1000,0,2000,-5.4,-3.355,-4.875,-7.515,-4.095
2000,3,1000,0,2000,-8.3,-5.425,-7.495,-7.515,-11.195
2500,3,1000,0,2000,-12.4,-8.615,-11.665,-7.515,-9.095
3150,3,1000,0,2000,-18.6,-13.795,-18.293,-28.585,-16.295
4000,3,1000,0,2000,-28.6,-22.255,-28.565,-28.585,-25.295
5000,3,1000,0,2000,-44.6,-34.605,-44.743,-28.585,-44.495
6300,3,1000,0,2000,-67.1,-54.295,-69.574,-107.645,-60.395
8000,3,1000,0,2000,-100.7,-85.675,-105.284,-107.645,-84.695
10000,3,1000,0,2000,-150,-129.615,-109.103,-107.645,-115.595
50,3,1000,90,2000,-3.1,3.005,2.937,2.875,6.405
63,3,1000,90,2000,-3.4,2.995,2.903,2.875,5.405
80,3,1000,90,2000,-3,2.985,2.812,2.875,2.805
100,3,1000,90,2000,-2.6,2.055,0.45,0.235,-1.095
125,3,1000,90,2000,-2.2,2.025,0.206,0.235,-7.395
160,3,1000,90,2000,-1.7,1.975,-0.043,0.235,-2.895
200,3,1000,90,2000,-1.6,1.915,-0.623,-0.905,4.405
250,3,1000,90,2000,-1.1,1.845,-0.864,-0.905,7.005
315,3,1000,90,2000,-1.4,1.765,-1.283,-0.905,5.005
400,3,1000,90,2000,-2.1,1.675,-0.486,-0.905,-6.495
500,3,1000,90,2000,-2.4,1.585,-0.862,-0.905,4.805
630,3,1000,90,2000,-2.6,1.475,-1.394,-0.905,0.705
800,3,1000,90,2000,-2.9,1.345,-1.271,-2.055,3.305
1000,3,1000,90,2000,-3.2,1.165,-2.095,-2.055,-0.495
1250,3,1000,90,2000,-3.8,0.915,-3.186,-2.055,-3.595
1600,3,1000,90,2000,-5.4,0.485,-4.875,-7.515,-1.695
2000,3,1000,90,2000,-8.3,-0.115,-7.495,-7.515,-5.495
2500,3,1000,90,2000,-12.4,-1.055,-11.665,-7.515,-8.295
3150,3,1000,90,2000,-18.6,-2.585,-18.293,-28.585,-22.295
4000,3,1000,90,2000,-28.6,-5.065,-28.565,-28.585,-31.495
5000,3,1000,90,2000,-44.6,-8.705,-44.743,-28.585,-39.695
6300,3,1000,90,2000,-67.1,-14.495,-69.574,-107.645,-58.795
8000,3,1000,90,2000,-100.7,-23.725,-105.284,-107.645,-85.195
10000,3,1000,90,2000,-150,-36.645,-109.103,-107.645,-116.495
50,3,1000,180,2000,-3.1,3.495,2.937,2.875,6.305
63,3,1000,180,2000,-3.5,3.385,2.903,2.875,5.705
80,3,1000,180,2000,-3.1,3.195,2.812,2.875,4.105
100,3,1000,180,2000,-2.7,2.055,0.45,0.235,1.605
125,3,1000,180,2000,-2.3,1.685,0.206,0.235,-3.095
160,3,1000,180,2000,-1.8,1.125,-0.043,0.235,-3.295
200,3,1000,180,2000,-1.7,0.455,-0.623,-0.905,1.105
250,3,1000,180,2000,-1.4,-0.345,-0.864,-0.905,-1.495
315,3,1000,180,2000,-1.1,-1.245,-1.283,-0.905,3.205
400,3,1000,180,2000,-2.1,-2.295,-0.486,-0.905,1.605
500,3,1000,180,2000,-2.4,-3.335,-0.862,-0.905,3.405
630,3,1000,180,2000,-2.7,-4.535,-1.394,-0.905,1.505
800,3,1000,180,2000,-3,-6.075,-1.271,-2.055,-0.195
1000,3,1000,180,2000,-3.4,-8.025,-2.095,-2.055,1.305
1250,3,1000,180,2000,-4.1,-10.885,-3.186,-2.055,-3.495
1600,3,1000,180,2000,-5.4,-15.735,-4.875,-7.515,-2.395
2000,3,1000,180,2000,-8.3,-22.615,-7.495,-7.515,-4.495
2500,3,1000,180,2000,-12.4,-33.265,-11.665,-7.515,-8.795
3150,3,1000,180,2000,-18.6,-50.525,-18.293,-28.585,-18.295
4000,3,1000,180,2000,-28.6,-78.725,-28.565,-28.585,-24.995
5000,3,1000,180,2000,-44.6,-119.885,-44.743,-28.585,-39.595
6300,3,1000,180,2000,-67.1,-185.515,-69.574,-107.645,-59.795
8000,3,1000,180,2000,-100.7,-290.145,-105.284,-107.645,-85.495
10000,3,1000,180,2000,-150.1,-436.605,-109.103,-107.645,-115.295
50,5,1000,0,2000,-4,3.045,2.937,2.875,5.705
63,5,1000,0,2000,-4.5,3.005,2.903,2.875,2.405
80,5,1000,0,2000,-4.2,2.955,2.812,2.875,-4.995
100,5,1000,0,2000,-3.9,1.985,0.45,0.235,-5.395
125,5,1000,0,2000,-3.8,1.865,0.206,0.235,-2.595
160,5,1000,0,2000,-3.9,1.705,-0.043,0.235,4.305
200,5,1000,0,2000,-4.2,1.505,-0.623,-0.905,5.905
250,5,1000,0,2000,-4.4,1.265,-0.864,-0.905,3.005
315,5,1000,0,2000,-4.7,0.985,-1.283,-0.905,0.805
400,5,1000,0,2000,-4.9,0.675,-0.486,-0.905,-2.995
500,5,1000,0,2000,-5.3,0.365,-0.862,-0.905,0.605
630,5,1000,0,2000,-5.6,0.005,-1.394,-0.905,4.405
800,5,1000,0,2000,-6,-0.465,-1.271,-2.055,4.005
1000,5,1000,0,2000,-6.6,-1.045,-2.095,-2.055,-0.695
1250,5,1000,0,2000,-7.6,-1.905,-3.186,-2.055,1.805
1600,5,1000,0,2000,-8.7,-3.355,-4.875,-7.515,-1.295
2000,5,1000,0,2000,-11.2,-5.425,-7.495,-7.515,-6.295
2500,5,1000,0,2000,-15,-8.615,-11.665,-7.515,-7.695
3150,5,1000,0,2000,-20.7,-13.795,-18.293,-28.585,-16.695
4000,5,1000,0,2000,-29.6,-22.255,-28.565,-28.585,-28.195
5000,5,1000,0,2000,-44.5,-34.605,-44.743,-28.585,-40.795
6300,5,1000,0,2000,-65.2,-54.295,-69.574,-107.645,-60.495
8000,5,1000,0,2000,-95.9,-85.675,-105.284,-107.645,-91.995
10000,5,1000,0,2000,-143.2,-129.615,-109.103,-107.645,-120.895
50,5,1000,90,2000,-4,3.005,2.937,2.875,6.405
63,5,1000,90,2000,-4.5,2.995,2.903,2.875,5.405
80,5,1000,90,2000,-4.2,2.985,2.812,2.875,2.905
100,5,1000,90,2000,-3.9,2.065,0.45,0.235,-1.095
125,5,1000,90,2000,-3.8,2.035,0.206,0.235,-7.395
160,5,1000,90,2000,-3.9,1.985,-0.043,0.235,-2.995
200,5,1000,90,2000,-4.2,1.925,-0.623,-0.905,4.405
250,5,1000,90,2000,-4.5,1.865,-0.864,-0.905,7.005
315,5,1000,90,2000,-4.7,1.785,-1.283,-0.905,5.005
400,5,1000,90,2000,-4.9,1.705,-0.486,-0.905,-6.295
500,5,1000,90,2000,-5.3,1.615,-0.862,-0.905,4.705
630,5,1000,90,2000,-5.6,1.515,-1.394,-0.905,0.905
800,5,1000,90,2000,-6,1.385,-1.271,-2.055,3.305
1000,5,1000,90,2000,-6.7,1.225,-2.095,-2.055,-0.795
1250,5,1000,90,2000,-7.7,0.985,-3.186,-2.055,-4.195
1600,5,1000,90,2000,-8.7,0.575,-4.875,-7.515,-1.895
2000,5,1000,90,2000,-11.3,0.005,-7.495,-7.515,-5.195
2500,5,1000,90,2000,-15.1,-0.885,-11.665,-7.515,-8.095
3150,5,1000,90,2000,-20.8,-2.315,-18.293,-28.585,-21.595
4000,5,1000,90,2000,-29.7,-4.665,-28.565,-28.585,-29.995
5000,5,1000,90,2000,-44.5,-8.095,-44.743,-28.585,-39.095
6300,5,1000,90,2000,-65.3,-13.565,-69.574,-107.645,-59.195
8000,5,1000,90,2000,-96,-22.285,-105.284,-107.645,-86.195
10000,5,1000,90,2000,-143.4,-34.495,-109.103,-107.645,-114.795
50,5,1000,180,2000,-4,7.695,2.937,2.875,6.105
63,5,1000,180,2000,-4.6,7.485,2.903,2.875,5.705
80,5,1000,180,2000,-4.3,7.125,2.812,2.875,4.405
100,5,1000,180,2000,-4,5.765,0.45,0.235,2.305
125,5,1000,180,2000,-3.9,5.035,0.206,0.235,-1.695
160,5,1000,180,2000,-4,3.955,-0.043,0.235,-0.695
200,5,1000,180,2000,-4.3,2.665,-0.623,-0.905,2.205
250,5,1000,180,2000,-4.6,1.115,-0.864,-0.905,4.705
315,5,1000,180,2000,-4.9,-0.645,-1.283,-0.905,3.605
400,5,1000,180,2000,-5.1,-2.655,-0.486,-0.905,-0.295
500,5,1000,180,2000,-5.5,-4.665,-0.862,-0.905,-1.995
630,5,1000,180,2000,-5.9,-6.995,-1.394,-0.905,0.005
800,5,1000,180,2000,-6.3,-9.985,-1.271,-2.055,1.105
1000,5,1000,180,2000,-7,-13.755,-2.095,-2.055,0.705
1250,5,1000,180,2000,-8.1,-19.285,-3.186,-2.055,-0.895
1600,5,1000,180,2000,-9.2,-28.675,-4.875,-7.515,-5.695
2000,5,1000,180,2000,-11.9,-42.005,-7.495,-7.515,-5.595
2500,5,1000,180,2000,-15.7,-62.605,-11.665,-7.515,-10.895
3150,5,1000,180,2000,-21.5,-96.015,-18.293,-28.585,-16.495
4000,5,1000,180,2000,-30.5,-150.585,-28.565,-28.585,-26.395
5000,5,1000,180,2000,-45.3,-230.265,-44.743,-28.585,-40.695
6300,5,1000,180,2000,-66.1,-357.285,-69.574,-107.645,-60.895
8000,5,1000,180,2000,-97,-559.795,-105.284,-107.645,-86.695
10000,5,1000,180,2000,-144.3,-843.265,-109.103,-107.645,-115.795
50,7,1000,0,2000,-4.2,3.045,2.937,2.875,4.705
63,7,1000,0,2000,-4.8,3.005,2.903,2.875,-1.395
80,7,1000,0,2000,-4.5,2.955,2.812,2.875,-1.795
100,7,1000,0,2000,-4.3,1.985,0.45,0.235,-4.495
125,7,1000,0,2000,-4.3,1.865,0.206,0.235,-0.795
160,7,1000,0,2000,-4.5,1.705,-0.043,0.235,4.505
200,7,1000,0,2000,-4.8,1.505,-0.623,-0.905,-3.795
250,7,1000,0,2000,-5.2,1.265,-0.864,-0.905,5.505
315,7,1000,0,2000,-5.5,0.985,-1.283,-0.905,0.805
400,7,1000,0,2000,-5.9,0.675,-0.486,-0.905,5.105
500,7,1000,0,2000,-6.3,0.365,-0.862,-0.905,2.405
630,7,1000,0,2000,-6.8,0.005,-1.394,-0.905,0.005
800,7,1000,0,2000,-7.3,-0.465,-1.271,-2.055,3.405
1000,7,1000,0,2000,-8.2,-1.045,-2.095,-2.055,-5.395
1250,7,1000,0,2000,-9.3,-1.905,-3.186,-2.055,-3.495
1600,7,1000,0,2000,-10.7,-3.355,-4.875,-7.515,-4.795
2000,7,1000,0,2000,-13.4,-5.425,-7.495,-7.515,-7.795
2500,7,1000,0,2000,-17.3,-8.615,-11.665,-7.515,-11.295
3150,7,1000,0,2000,-23,-13.795,-18.293,-28.585,-21.195
4000,7,1000,0,2000,-31.9,-22.255,-28.565,-28.585,-27.395
5000,7,1000,0,2000,-46.5,-34.605,-44.743,-28.585,-44.195
6300,7,1000,0,2000,-66.9,-54.295,-69.574,-107.645,-62.095
8000,7,1000,0,2000,-97.1,-85.675,-105.284,-107.645,-84.195
10000,7,1000,0,2000,-143.8,-129.615,-109.103,-107.645,-115.295
50,7,1000,90,2000,-4.2,3.015,2.937,2.875,6.405
63,7,1000,90,2000,-4.8,3.005,2.903,2.875,5.405
80,7,1000,90,2000,-4.5,2.995,2.812,2.875,2.905
100,7,1000,90,2000,-4.3,2.075,0.45,0.235,-1.095
125,7,1000,90,2000,-4.3,2.045,0.206,0.235,-7.295
160,7,1000,90,2000,-4.5,2.015,-0.043,0.235,-2.995
200,7,1000,90,2000,-4.9,1.965,-0.623,-0.905,4.305
250,7,1000,90,2000,-5.2,1.915,-0.864,-0.905,7.005
315,7,1000,90,2000,-5.6,1.845,-1.283,-0.905,5.005
400,7,1000,90,2000,-5.9,1.775,-0.486,-0.905,-6.195
500,7,1000,90,2000,-6.4,1.705,-0.862,-0.905,4.705
630,7,1000,90,2000,-6.8,1.625,-1.394,-0.905,1.005
800,7,1000,90,2000,-7.4,1.515,-1.271,-2.055,3.205
1000,7,1000,90,2000,-8.2,1.385,-2.095,-2.055,-1.095
1250,7,1000,90,2000,-9.4,1.195,-3.186,-2.055,-4.895
1600,7,1000,90,2000,-10.8,0.865,-4.875,-7.515,-2.195
2000,7,1000,90,2000,-13.5,0.395,-7.495,-7.515,-4.895
2500,7,1000,90,2000,-17.3,-0.335,-11.665,-7.515,-7.995
3150,7,1000,90,2000,-23.1,-1.515,-18.293,-28.585,-20.095
4000,7,1000,90,2000,-32,-3.435,-28.565,-28.585,-28.295
5000,7,1000,90,2000,-46.6,-6.245,-44.743,-28.585,-38.795
6300,7,1000,90,2000,-67,-10.715,-69.574,-107.645,-59.995
8000,7,1000,90,2000,-97.1,-17.845,-105.284,-107.645,-87.795
10000,7,1000,90,2000,-143.8,-27.835,-109.103,-107.645,-113.995
50,7,1000,180,2000,-4.3,7.572,2.773,2.872,5.542
63,7,1000,180,2000,-4.9,7.332,2.739,2.872,5.242
80,7,1000,180,2000,-4.7,6.922,2.648,2.872,4.942
100,7,1000,180,2000,-4.4,5.482,0.287,0.242,4.442
125,7,1000,180,2000,-4.4,4.652,0.142,0.242,3.742
160,7,1000,180,2000,-4.6,3.412,-0.107,0.242,2.742
200,7,1000,180,2000,-5,1.932,-0.787,-0.888,2.242
250,7,1000,180,2000,-5.4,0.152,-1.027,-0.888,1.042
315,7,1000,180,2000,-5.8,-1.868,-1.347,-0.888,-0.058
400,7,1000,180,2000,-6.1,-4.178,-0.65,-0.888,-0.658
500,7,1000,180,2000,-6.6,-6.488,-1.026,-0.888,-0.658
630,7,1000,180,2000,-7.1,-9.158,-1.558,-0.888,-0.458
800,7,1000,180,2000,-7.7,-12.598,-1.435,-2.028,-0.558
1000,7,1000,180,2000,-8.6,-16.928,-2.258,-2.028,-1.358
1250,7,1000,180,2000,-9.8,-23.268,-3.35,-2.028,-2.558
1600,7,1000,180,2000,-11.2,-34.058,-5.039,-7.448,-4.358
2000,7,1000,180,2000,-14,-49.358,-7.759,-7.448,-7.158
2500,7,1000,180,2000,-17.9,-73.008,-11.929,-7.448,-11.358
3150,7,1000,180,2000,-23.7,-111.368,-18.557,-28.358,-17.858
4000,7,1000,180,2000,-32.7,-174.038,-28.929,-28.358,-27.658
5000,7,1000,180,2000,-47.3,-265.518,-45.207,-28.358,-41.958
6300,7,1000,180,2000,-67.8,-411.368,-70.237,-106.838,-61.958
8000,7,1000,180,2000,-97.9,-643.898,-105.848,-106.838,-87.858
10000,7,1000,180,2000,-144.5,-969.378,-109.167,-106.838,-116.758
50,9,1000,0,2000,-4.5,3.045,2.937,2.875,2.605
63,9,1000,0,2000,-5.2,3.005,2.903,2.875,-3.795
80,9,1000,0,2000,-4.9,2.955,2.812,2.875,-1.895
100,9,1000,0,2000,-4.6,1.985,0.45,0.235,-1.795
125,9,1000,0,2000,-4.8,1.865,0.206,0.235,0.405
160,9,1000,0,2000,-5.1,1.705,-0.043,0.235,2.705
200,9,1000,0,2000,-5.5,1.505,-0.623,-0.905,5.805
250,9,1000,0,2000,-5.9,1.265,-0.864,-0.905,1.505
315,9,1000,0,2000,-6.3,0.985,-1.283,-0.905,3.105
400,9,1000,0,2000,-6.7,0.675,-0.486,-0.905,-0.795
500,9,1000,0,2000,-7.3,0.365,-0.862,-0.905,4.405
630,9,1000,0,2000,-7.9,0.005,-1.394,-0.905,-2.595
800,9,1000,0,2000,-8.5,-0.465,-1.271,-2.055,-2.495
1000,9,1000,0,2000,-9.5,-1.045,-2.095,-2.055,-6.595
1250,9,1000,0,2000,-10.7,-1.905,-3.186,-2.055,-0.495
1600,9,1000,0,2000,-12.2,-3.355,-4.875,-7.515,-8.495
2000,9,1000,0,2000,-15,-5.425,-7.495,-7.515,-8.995
2500,9,1000,0,2000,-18.9,-8.615,-11.665,-7.515,-15.095
3150,9,1000,0,2000,-24.6,-13.795,-18.293,-28.585,-13.995
4000,9,1000,0,2000,-33.4,-22.255,-28.565,-28.585,-24.195
5000,9,1000,0,2000,-47.7,-34.605,-44.743,-28.585,-41.695
6300,9,1000,0,2000,-67.3,-54.295,-69.574,-107.645,-60.495
8000,9,1000,0,2000,-96.5,-85.675,-105.284,-107.645,-91.695
10000,9,1000,0,2000,-142.4,-129.615,-109.103,-107.645,-115.295
50,9,1000,90,2000,-4.5,3.015,2.937,2.875,6.405
63,9,1000,90,2000,-5.2,3.005,2.903,2.875,5.405
80,9,1000,90,2000,-4.9,2.995,2.812,2.875,2.905
100,9,1000,90,2000,-4.7,2.085,0.45,0.235,-0.995
125,9,1000,90,2000,-4.8,2.055,0.206,0.235,-7.295
160,9,1000,90,2000,-5.1,2.025,-0.043,0.235,-3.095
200,9,1000,90,2000,-5.5,1.985,-0.623,-0.905,4.305
250,9,1000,90,2000,-5.9,1.935,-0.864,-0.905,7.005
315,9,1000,90,2000,-6.3,1.885,-1.283,-0.905,5.005
400,9,1000,90,2000,-6.8,1.815,-0.486,-0.905,-5.995
500,9,1000,90,2000,-7.3,1.755,-0.862,-0.905,4.605
630,9,1000,90,2000,-7.9,1.685,-1.394,-0.905,1.105
800,9,1000,90,2000,-8.5,1.595,-1.271,-2.055,3.205
1000,9,1000,90,2000,-9.5,1.475,-2.095,-2.055,-1.495
1250,9,1000,90,2000,-10.7,1.305,-3.186,-2.055,-5.795
1600,9,1000,90,2000,-12.3,1.015,-4.875,-7.515,-2.495
2000,9,1000,90,2000,-15.1,0.595,-7.495,-7.515,-4.595
2500,9,1000,90,2000,-18.9,-0.035,-11.665,-7.515,-7.895
3150,9,1000,90,2000,-24.6,-1.075,-18.293,-28.585,-18.695
4000,9,1000,90,2000,-33.5,-2.765,-28.565,-28.585,-27.095
5000,9,1000,90,2000,-47.7,-5.235,-44.743,-28.585,-38.595
6300,9,1000,90,2000,-67.3,-9.175,-69.574,-107.645,-61.095
8000,9,1000,90,2000,-96.6,-15.455,-105.284,-107.645,-90.095
10000,9,1000,90,2000,-142.4,-24.235,-109.103,-107.645,-113.995
50,9,1000,180,2000,-4.6,12.545,2.937,2.875,5.405
63,9,1000,180,2000,-5.4,12.255,2.903,2.875,4.805
80,9,1000,180,2000,-5.1,11.755,2.812,2.875,4.905
100,9,1000,180,2000,-4.8,10.215,0.45,0.235,2.505
125,9,1000,180,2000,-5,9.225,0.206,0.235,-0.595
160,9,1000,180,2000,-5.3,7.725,-0.043,0.235,0.005
200,9,1000,180,2000,-5.7,5.945,-0.623,-0.905,2.805
250,9,1000,180,2000,-6.1,3.815,-0.864,-0.905,3.705
315,9,1000,180,2000,-6.6,1.395,-1.283,-0.905,3.405
400,9,1000,180,2000,-7,-1.375,-0.486,-0.905,-0.195
500,9,1000,180,2000,-7.6,-4.155,-0.862,-0.905,2.005
630,9,1000,180,2000,-8.2,-7.355,-1.394,-0.905,1.005
800,9,1000,180,2000,-8.9,-11.485,-1.271,-2.055,1.105
1000,9,1000,180,2000,-9.9,-16.675,-2.095,-2.055,-1.495
1250,9,1000,180,2000,-11.2,-24.285,-3.186,-2.055,-2.095
1600,9,1000,180,2000,-12.8,-37.235,-4.875,-7.515,-3.395
2000,9,1000,180,2000,-15.6,-55.585,-7.495,-7.515,-6.395
2500,9,1000,180,2000,-19.5,-83.975,-11.665,-7.515,-11.295
3150,9,1000,180,2000,-25.2,-130.005,-18.293,-28.585,-17.995
4000,9,1000,180,2000,-33.9,-205.195,-28.565,-28.585,-26.895
5000,9,1000,180,2000,-47.9,-314.965,-44.743,-28.585,-41.695
6300,9,1000,180,2000,-67.7,-489.975,-69.574,-107.645,-61.495
8000,9,1000,180,2000,-96.9,-768.985,-105.284,-107.645,-87.095
10000,9,1000,180,2000,-142.7,-1159.555,-109.103,-107.645,-115.795
50,3,1500,0,2000,-12,5.382,-4.827,2.822,6.442
63,3,1500,0,2000,-12.3,4.742,-4.861,2.822,6.642
80,3,1500,0,2000,-13,3.982,-4.952,2.822,6.742
100,3,1500,0,2000,-13.5,2.322,-5.113,-0.028,6.842
125,3,1500,0,2000,-14.1,1.502,-5.258,-0.028,6.642
160,3,1500,0,2000,-14.6,0.532,-5.607,-0.028,5.942
200,3,1500,0,2000,-13.8,-0.348,-5.987,-1.468,5.042
250,3,1500,0,2000,-12.6,-1.188,-6.327,-1.468,3.342
315,3,1500,0,2000,-11.5,-1.998,-6.847,-1.468,0.942
400,3,1500,0,2000,-10.4,-2.788,-7.35,-2.028,0.642
500,3,1500,0,2000,-9.8,-3.518,-7.826,-2.028,1.242
630,3,1500,0,2000,-9.1,-4.308,-8.358,-2.028,1.342
800,3,1500,0,2000,-8.5,-5.258,-9.035,-4.038,0.442
1000,3,1500,0,2000,-8.7,-6.378,-10.058,-4.038,-0.758
1250,3,1500,0,2000,-10.6,-7.908,-11.45,-4.038,-2.558
1600,3,1500,0,2000,-14.9,-10.348,-13.639,-12.158,-5.258
2000,3,1500,0,2000,-20.9,-13.698,-17.159,-12.158,-9.258
2500,3,1500,0,2000,-29.5,-18.718,-22.729,-12.158,-15.458
3150,3,1500,0,2000,-42.9,-26.718,-31.557,-43.418,-24.758
4000,3,1500,0,2000,-64.6,-39.658,-45.529,-43.418,-38.458
5000,3,1500,0,2000,-99.6,-58.418,-69.407,-43.418,-57.858
6300,3,1500,0,2000,-148.9,-88.208,-102.937,-160.698,-83.558
8000,3,1500,0,2000,-223.5,-135.568,-105.648,-160.698,-113.258
10000,3,1500,0,2000,-333.1,-201.748,-105.667,-160.698,-138.058
50,3,1500,90,2000,-12,2.87,2.272,2.82,5.44
63,3,1500,90,2000,-12.3,2.86,2.138,2.82,5.24
80,3,1500,90,2000,-12.9,2.83,2.047,2.82,4.94
100,3,1500,90,2000,-13.5,1.9,-0.415,-0.04,4.54
125,3,1500,90,2000,-14.1,1.85,-0.659,-0.04,3.94
160,3,1500,90,2000,-14.6,1.78,-1.008,-0.04,3.04
200,3,1500,90,2000,-13.8,1.69,-1.688,-1.48,2.14
250,3,1500,90,2000,-12.6,1.58,-2.129,-1.48,1.04
315,3,1500,90,2000,-11.5,1.46,-2.648,-1.48,-0.16
400,3,1500,90,2000,-10.4,1.33,-2.051,-2.04,-1.06
500,3,1500,90,2000,-9.8,1.19,-2.727,-2.04,-1.36
630,3,1500,90,2000,-9.1,1.03,-3.359,-2.04,-1.26
800,3,1500,90,2000,-8.5,0.82,-3.636,-4.05,-2.16
1000,3,1500,90,2000,-8.7,0.57,-4.76,-4.05,-3.36
1250,3,1500,90,2000,-10.6,0.19,-6.451,-4.05,-5.06
1600,3,1500,90,2000,-14.9,-0.45,-8.94,-12.18,-7.76
2000,3,1500,90,2000,-20.9,-1.36,-13.06,-12.18,-11.76
2500,3,1500,90,2000,-29.5,-2.77,-19.331,-12.18,-17.96
3150,3,1500,90,2000,-42.9,-5.06,-29.259,-43.46,-27.26
4000,3,1500,90,2000,-64.6,-8.79,-44.73,-43.46,-40.96
5000,3,1500,90,2000,-99.6,-14.23,-69.108,-43.46,-60.56
6300,3,1500,90,2000,-148.9,-22.92,-103.139,-160.85,-86.26
8000,3,1500,90,2000,-223.5,-36.76,-105.649,-160.85,-115.76
10000,3,1500,90,2000,-333.1,-56.14,-105.668,-160.85,-140.06
50,3,1500,180,2000,-11.8,6.062,-8.027,2.822,3.742
63,3,1500,180,2000,-12.1,5.302,-8.061,2.822,4.442
80,3,1500,180,2000,-12.8,4.352,-8.152,2.822,4.642
100,3,1500,180,2000,-13.4,2.442,-8.313,-0.028,3.842
125,3,1500,180,2000,-13.9,1.222,-8.458,-0.028,4.542
160,3,1500,180,2000,-14.4,-0.328,-8.807,-0.028,5.242
200,3,1500,180,2000,-13.7,-1.908,-9.187,-1.468,5.442
250,3,1500,180,2000,-12.6,-3.598,-9.527,-1.468,5.342
315,3,1500,180,2000,-11.5,-5.358,-10.047,-1.468,4.442
400,3,1500,180,2000,-10.5,-7.228,-10.45,-2.028,2.742
500,3,1500,180,2000,-9.8,-9.048,-11.026,-2.028,0.942
630,3,1500,180,2000,-9.2,-11.098,-11.558,-2.028,-0.458
800,3,1500,180,2000,-8.6,-13.678,-12.235,-4.038,-1.758
1000,3,1500,180,2000,-8.8,-16.838,-13.258,-4.038,-3.358
1250,3,1500,180,2000,-10.4,-21.358,-14.65,-4.038,-5.458
1600,3,1500,180,2000,-14.8,-28.898,-16.839,-12.158,-8.558
2000,3,1500,180,2000,-20.9,-39.458,-20.359,-12.158,-13.058
2500,3,1500,180,2000,-29.4,-55.648,-25.929,-12.158,-19.658
3150,3,1500,180,2000,-42.9,-81.748,-34.757,-43.418,-29.258
4000,3,1500,180,2000,-64.6,-124.258,-48.629,-43.418,-43.358
5000,3,1500,180,2000,-99.5,-186.188,-72.607,-43.418,-63.158
6300,3,1500,180,2000,-148.9,-284.798,-104.137,-160.698,-89.058
8000,3,1500,180,2000,-223.5,-441.888,-105.648,-160.698,-118.958
10000,3,1500,180,2000,-333.1,-661.658,-105.667,-160.698,-144.058
50,5,1500,0,2000,-8.3,5.382,-4.827,2.822,7.042
63,5,1500,0,2000,-8.8,4.742,-4.861,2.822,7.242
80,5,1500,0,2000,-8.3,3.982,-4.952,2.822,7.242
100,5,1500,0,2000,-8.7,2.322,-5.113,-0.028,6.942
125,5,1500,0,2000,-9.2,1.502,-5.258,-0.028,6.642
160,5,1500,0,2000,-9.1,0.532,-5.607,-0.028,5.942
200,5,1500,0,2000,-8.8,-0.348,-5.987,-1.468,4.742
250,5,1500,0,2000,-8.5,-1.188,-6.327,-1.468,1.442
315,5,1500,0,2000,-8.4,-1.998,-6.847,-1.468,-0.258
400,5,1500,0,2000,-8.2,-2.788,-7.35,-2.028,1.342
500,5,1500,0,2000,-8.2,-3.518,-7.826,-2.028,2.342
630,5,1500,0,2000,-8.1,-4.308,-8.358,-2.028,1.442
800,5,1500,0,2000,-8.3,-5.258,-9.035,-4.038,0.442
1000,5,1500,0,2000,-9.3,-6.378,-10.058,-4.038,-0.758
1250,5,1500,0,2000,-10.8,-7.908,-11.45,-4.038,-2.558
1600,5,1500,0,2000,-13.2,-10.348,-13.639,-12.158,-5.258
2000,5,1500,0,2000,-18.3,-13.698,-17.159,-12.158,-9.258
2500,5,1500,0,2000,-26,-18.718,-22.729,-12.158,-15.458
3150,5,1500,0,2000,-38.1,-26.718,-31.557,-43.418,-24.758
4000,5,1500,0,2000,-57.4,-39.658,-45.529,-43.418,-38.458
5000,5,1500,0,2000,-89.2,-58.418,-69.407,-43.418,-57.858
6300,5,1500,0,2000,-134.5,-88.208,-102.937,-160.698,-83.558
8000,5,1500,0,2000,-204.4,-135.568,-105.648,-160.698,-113.258
10000,5,1500,0,2000,-310.4,-201.748,-105.667,-160.698,-138.058
50,5,1500,90,2000,-8.3,5.332,-5.327,2.822,5.242
63,5,1500,90,2000,-8.8,4.722,-5.361,2.822,5.142
80,5,1500,90,2000,-8.3,4.032,-5.452,2.822,4.842
100,5,1500,90,2000,-8.7,2.452,-5.513,-0.028,5.642
125,5,1500,90,2000,-9.3,1.742,-5.758,-0.028,5.942
160,5,1500,90,2000,-9.1,0.962,-6.107,-0.028,5.942
200,5,1500,90,2000,-8.8,0.302,-6.387,-1.468,5.242
250,5,1500,90,2000,-8.5,-0.288,-6.827,-1.468,4.342
315,5,1500,90,2000,-8.3,-0.808,-7.247,-1.468,3.142
400,5,1500,90,2000,-8.2,-1.258,-7.75,-2.028,1.942
500,5,1500,90,2000,-8.1,-1.648,-8.326,-2.028,0.942
630,5,1500,90,2000,-8.1,-2.048,-8.858,-2.028,0.442
800,5,1500,90,2000,-8.3,-2.498,-9.535,-4.038,-0.358
1000,5,1500,90,2000,-9.2,-2.978,-10.558,-4.038,-0.958
1250,5,1500,90,2000,-10.8,-3.588,-11.95,-4.038,-2.558
1600,5,1500,90,2000,-13.2,-4.448,-14.139,-12.158,-5.258
2000,5,1500,90,2000,-18.3,-5.558,-17.659,-12.158,-9.258
2500,5,1500,90,2000,-26,-7.128,-23.229,-12.158,-15.458
3150,5,1500,90,2000,-38,-9.528,-32.057,-43.418,-24.758
4000,5,1500,90,2000,-57.4,-13.318,-45.929,-43.418,-38.458
5000,5,1500,90,2000,-89.2,-18.718,-69.907,-43.418,-57.858
6300,5,1500,90,2000,-134.5,-27.198,-103.137,-160.698,-83.558
8000,5,1500,90,2000,-204.4,-40.598,-105.648,-160.698,-113.258
10000,5,1500,90,2000,-310.4,-59.238,-105.667,-160.698,-138.058
50,5,1500,180,2000,-8.3,12.362,-8.027,2.822,0.442
63,5,1500,180,2000,-9.2,11.452,-8.061,2.822,2.442
80,5,1500,180,2000,-8.5,10.232,-8.152,2.822,3.942
100,5,1500,180,2000,-8.7,7.992,-8.313,-0.028,4.142
125,5,1500,180,2000,-9.3,6.242,-8.458,-0.028,3.842
160,5,1500,180,2000,-8.8,3.912,-8.807,-0.028,2.042
200,5,1500,180,2000,-8.5,1.402,-9.187,-1.468,4.042
250,5,1500,180,2000,-8.3,-1.408,-9.527,-1.468,3.042
315,5,1500,180,2000,-8.1,-4.438,-10.047,-1.468,3.342
400,5,1500,180,2000,-7.8,-7.778,-10.45,-2.028,2.342
500,5,1500,180,2000,-7.8,-11.058,-11.026,-2.028,0.442
630,5,1500,180,2000,-7.8,-14.788,-11.558,-2.028,-1.758
800,5,1500,180,2000,-8.1,-19.538,-12.235,-4.038,-4.058
1000,5,1500,180,2000,-9,-25.418,-13.258,-4.038,-6.558
1250,5,1500,180,2000,-10.6,-33.948,-14.65,-4.038,-9.558
1600,5,1500,180,2000,-13.1,-48.288,-16.839,-12.158,-13.258
2000,5,1500,180,2000,-18.3,-68.498,-20.359,-12.158,-18.258
2500,5,1500,180,2000,-26,-99.598,-25.929,-12.158,-25.158
3150,5,1500,180,2000,-38,-149.888,-34.757,-43.418,-35.058
4000,5,1500,180,2000,-57.4,-231.928,-48.629,-43.418,-49.358
5000,5,1500,180,2000,-89.2,-351.548,-72.607,-43.418,-69.258
6300,5,1500,180,2000,-134.4,-542.128,-104.137,-160.698,-95.258
8000,5,1500,180,2000,-204.3,-845.858,-105.648,-160.698,-125.058
10000,5,1500,180,2000,-310.4,-1270.898,-105.667,-160.698,-150.058
50,7,1500,0,2000,-9.1,5.382,-4.827,2.822,7.542
63,7,1500,0,2000,-10.7,4.742,-4.861,2.822,7.542
80,7,1500,0,2000,-9.5,3.982,-4.952,2.822,7.342
100,7,1500,0,2000,-9.2,2.322,-5.113,-0.028,7.042
125,7,1500,0,2000,-8.6,1.502,-5.258,-0.028,6.542
160,7,1500,0,2000,-7.8,0.532,-5.607,-0.028,5.842
200,7,1500,0,2000,-7.6,-0.348,-5.987,-1.468,4.042
250,7,1500,0,2000,-7.2,-1.188,-6.327,-1.468,-0.958
315,7,1500,0,2000,-6.9,-1.998,-6.847,-1.468,1.142
400,7,1500,0,2000,-6.7,-2.788,-7.35,-2.028,3.142
500,7,1500,0,2000,-6.8,-3.518,-7.826,-2.028,3.042
630,7,1500,0,2000,-6.9,-4.308,-8.358,-2.028,1.342
800,7,1500,0,2000,-7.3,-5.258,-9.035,-4.038,0.442
1000,7,1500,0,2000,-8.3,-6.378,-10.058,-4.038,-0.758
1250,7,1500,0,2000,-9.9,-7.908,-11.45,-4.038,-2.558
1600,7,1500,0,2000,-12.5,-10.348,-13.639,-12.158,-5.258
2000,7,1500,0,2000,-17.6,-13.698,-17.159,-12.158,-9.258
2500,7,1500,0,2000,-25,-18.718,-22.729,-12.158,-15.458
3150,7,1500,0,2000,-36.7,-26.718,-31.557,-43.418,-24.758
4000,7,1500,0,2000,-55.7,-39.658,-45.529,-43.418,-38.458
5000,7,1500,0,2000,-86.6,-58.418,-69.407,-43.418,-57.858
6300,7,1500,0,2000,-130.8,-88.208,-102.937,-160.698,-83.558
8000,7,1500,0,2000,-199.5,-135.568,-105.648,-160.698,-113.258
10000,7,1500,0,2000,-304.4,-201.748,-105.667,-160.698,-138.058
50,7,1500,90,2000,-9.1,5.342,-5.327,2.822,5.242
63,7,1500,90,2000,-10.8,4.732,-5.361,2.822,5.142
80,7,1500,90,2000,-9.6,4.042,-5.452,2.822,4.742
100,7,1500,90,2000,-9.2,2.462,-5.513,-0.028,5.642
125,7,1500,90,2000,-8.5,1.772,-5.758,-0.028,5.942
160,7,1500,90,2000,-7.8,1.002,-6.107,-0.028,5.842
200,7,1500,90,2000,-7.5,0.352,-6.387,-1.468,5.242
250,7,1500,90,2000,-7.1,-0.218,-6.827,-1.468,4.342
315,7,1500,90,2000,-6.9,-0.708,-7.247,-1.468,3.142
400,7,1500,90,2000,-6.7,-1.138,-7.75,-2.028,1.942
500,7,1500,90,2000,-6.7,-1.508,-8.326,-2.028,0.942
630,7,1500,90,2000,-6.9,-1.878,-8.858,-2.028,0.442
800,7,1500,90,2000,-7.2,-2.298,-9.535,-4.038,-0.458
1000,7,1500,90,2000,-8.3,-2.738,-10.558,-4.038,-0.958
1250,7,1500,90,2000,-9.9,-3.278,-11.95,-4.038,-2.558
1600,7,1500,90,2000,-12.4,-4.028,-14.139,-12.158,-5.258
2000,7,1500,90,2000,-17.6,-4.988,-17.659,-12.158,-9.258
2500,7,1500,90,2000,-25,-6.308,-23.229,-12.158,-15.458
3150,7,1500,90,2000,-36.7,-8.318,-32.057,-43.418,-24.758
4000,7,1500,90,2000,-55.6,-11.468,-45.929,-43.418,-38.458
5000,7,1500,90,2000,-86.6,-15.928,-69.907,-43.418,-57.858
6300,7,1500,90,2000,-130.8,-22.928,-103.137,-160.698,-83.558
8000,7,1500,90,2000,-199.5,-33.948,-105.648,-160.698,-113.258
10000,7,1500,90,2000,-304.3,-49.258,-105.667,-160.698,-138.058
50,7,1500,180,2000,-9.7,12.262,-8.027,2.822,3.242
63,7,1500,180,2000,-12.2,11.312,-8.061,2.822,2.542
80,7,1500,180,2000,-10.6,10.022,-8.152,2.822,-5.358
100,7,1500,180,2000,-9.2,7.672,-8.313,-0.028,1.642
125,7,1500,180,2000,-8.1,5.762,-8.458,-0.028,3.342
160,7,1500,180,2000,-7.3,3.192,-8.807,-0.028,3.342
200,7,1500,180,2000,-6.9,0.392,-9.187,-1.468,2.042
250,7,1500,180,2000,-6.6,-2.768,-9.527,-1.468,-1.458
315,7,1500,180,2000,-6.3,-6.188,-10.047,-1.468,0.542
400,7,1500,180,2000,-6.2,-9.968,-10.45,-2.028,-1.758
500,7,1500,180,2000,-6.3,-13.688,-11.026,-2.028,-2.858
630,7,1500,180,2000,-6.5,-17.938,-11.558,-2.028,-5.458
800,7,1500,180,2000,-6.9,-23.348,-12.235,-4.038,-8.058
1000,7,1500,180,2000,-7.9,-30.078,-13.258,-4.038,-10.758
1250,7,1500,180,2000,-9.6,-39.828,-14.65,-4.038,-13.758
1600,7,1500,180,2000,-12.2,-56.248,-16.839,-12.158,-17.258
2000,7,1500,180,2000,-17.3,-79.418,-20.359,-12.158,-21.958
2500,7,1500,180,2000,-24.8,-115.098,-25.929,-12.158,-28.358
3150,7,1500,180,2000,-36.5,-172.798,-34.757,-43.418,-37.758
4000,7,1500,180,2000,-55.4,-266.948,-48.629,-43.418,-51.458
5000,7,1500,180,2000,-86.3,-404.248,-72.607,-43.418,-70.558
6300,7,1500,180,2000,-130.6,-623.028,-104.137,-160.698,-95.758
8000,7,1500,180,2000,-199.3,-971.708,-105.648,-160.698,-125.658
10000,7,1500,180,2000,-304.1,-1459.658,-105.667,-160.698,-150.758
50,9,1500,0,2000,-11,2.92,2.772,2.82,5.44
63,9,1500,0,2000,-12.3,2.88,2.638,2.82,5.24
80,9,1500,0,2000,-11.5,2.79,2.547,2.82,4.94
100,9,1500,0,2000,-9.6,1.78,0.085,-0.04,4.54
125,9,1500,0,2000,-8.2,1.62,-0.159,-0.04,3.94
160,9,1500,0,2000,-6.8,1.36,-0.508,-0.04,1.74
200,9,1500,0,2000,-6.3,1.06,-1.188,-1.48,-3.86
250,9,1500,0,2000,-5.8,0.7,-1.629,-1.48,-3.86
315,9,1500,0,2000,-5.5,0.3,-2.148,-1.48,-0.56
400,9,1500,0,2000,-5.3,-0.17,-1.651,-2.04,1.04
500,9,1500,0,2000,-5.5,-0.64,-2.227,-2.04,0.24
630,9,1500,0,2000,-5.8,-1.18,-2.859,-2.04,-1.36
800,9,1500,0,2000,-6.2,-1.88,-3.136,-4.05,-2.16
1000,9,1500,0,2000,-7.3,-2.75,-4.26,-4.05,-3.36
1250,9,1500,0,2000,-9,-4.04,-5.951,-4.05,-5.06
1600,9,1500,0,2000,-11.5,-6.22,-8.54,-12.18,-7.76
2000,9,1500,0,2000,-16.6,-9.32,-12.56,-12.18,-11.76
2500,9,1500,0,2000,-23.8,-14.11,-18.831,-12.18,-17.96
3150,9,1500,0,2000,-35.2,-21.87,-28.759,-43.46,-27.26
4000,9,1500,0,2000,-53.7,-34.56,-44.23,-43.46,-40.96
5000,9,1500,0,2000,-83.9,-53.08,-68.608,-43.46,-60.56
6300,9,1500,0,2000,-127.3,-82.6,-102.839,-160.85,-86.26
8000,9,1500,0,2000,-195,-129.67,-105.649,-160.85,-115.76
10000,9,1500,0,2000,-298.8,-195.57,-105.668,-160.85,-140.06
50,9,1500,90,2000,-11,2.88,2.272,2.82,5.44
63,9,1500,90,2000,-12.2,2.87,2.138,2.82,5.24
80,9,1500,90,2000,-11.6,2.85,2.047,2.82,4.94
100,9,1500,90,2000,-9.7,1.93,-0.415,-0.04,4.54
125,9,1500,90,2000,-8.2,1.9,-0.659,-0.04,3.94
160,9,1500,90,2000,-6.8,1.85,-1.008,-0.04,3.04
200,9,1500,90,2000,-6.3,1.79,-1.688,-1.48,2.14
250,9,1500,90,2000,-5.8,1.72,-2.129,-1.48,1.04
315,9,1500,90,2000,-5.5,1.64,-2.648,-1.48,-0.16
400,9,1500,90,2000,-5.3,1.54,-2.051,-2.04,-1.06
500,9,1500,90,2000,-5.5,1.45,-2.727,-2.04,-1.36
630,9,1500,90,2000,-5.7,1.34,-3.359,-2.04,-1.26
800,9,1500,90,2000,-6.2,1.2,-3.636,-4.05,-2.16
1000,9,1500,90,2000,-7.2,1.03,-4.76,-4.05,-3.36
1250,9,1500,90,2000,-8.9,0.77,-6.451,-4.05,-5.06
1600,9,1500,90,2000,-11.5,0.33,-8.94,-12.18,-7.76
2000,9,1500,90,2000,-16.5,-0.29,-13.06,-12.18,-11.76
2500,9,1500,90,2000,-23.8,-1.25,-19.331,-12.18,-17.96
3150,9,1500,90,2000,-35.2,-2.8,-29.259,-43.46,-27.26
4000,9,1500,90,2000,-53.7,-5.34,-44.73,-43.46,-40.96
5000,9,1500,90,2000,-83.9,-9.04,-69.108,-43.46,-60.56
6300,9,1500,90,2000,-127.3,-14.94,-103.139,-160.85,-86.26
8000,9,1500,90,2000,-195,-24.36,-105.649,-160.85,-115.76
10000,9,1500,90,2000,-298.8,-37.54,-105.668,-160.85,-140.06
50,9,1500,180,2000,-11.5,19.622,-8.027,2.822,4.442
63,9,1500,180,2000,-11.2,18.592,-8.061,2.822,4.642
80,9,1500,180,2000,-11,17.172,-8.152,2.822,4.242
100,9,1500,180,2000,-10.2,14.662,-8.313,-0.028,3.942
125,9,1500,180,2000,-8.7,12.512,-8.458,-0.028,2.942
160,9,1500,180,2000,-6.9,9.562,-8.807,-0.028,1.442
200,9,1500,180,2000,-6.4,6.322,-9.187,-1.468,-3.358
250,9,1500,180,2000,-6,2.632,-9.527,-1.468,-0.258
315,9,1500,180,2000,-5.6,-1.388,-10.047,-1.468,-0.358
400,9,1500,180,2000,-5.2,-5.868,-10.45,-2.028,-2.658
500,9,1500,180,2000,-5.1,-10.288,-11.026,-2.028,-6.958
630,9,1500,180,2000,-5.3,-15.328,-11.558,-2.028,-12.058
800,9,1500,180,2000,-6,-21.768,-12.235,-4.038,-14.458
1000,9,1500,180,2000,-7,-29.788,-13.258,-4.038,-17.158
1250,9,1500,180,2000,-8.6,-41.448,-14.65,-4.038,-21.658
1600,9,1500,180,2000,-11.2,-61.098,-16.839,-12.158,-26.458
2000,9,1500,180,2000,-16,-88.848,-20.359,-12.158,-32.558
2500,9,1500,180,2000,-23.2,-131.618,-25.929,-12.158,-40.858
3150,9,1500,180,2000,-34.6,-200.808,-34.757,-43.418,-52.158
4000,9,1500,180,2000,-53.2,-313.738,-48.629,-43.418,-67.858
5000,9,1500,180,2000,-83.5,-478.448,-72.607,-43.418,-89.258
6300,9,1500,180,2000,-127.1,-740.928,-104.137,-160.698,-116.858
8000,9,1500,180,2000,-194.8,-1159.268,-105.648,-160.698,-148.358
10000,9,1500,180,2000,-298.6,-1744.738,-105.667,-160.698,-174.958